symbol,path,window,n,best_close_exit_model,fee_adj_avg_R_taker,verdict
ADA/USDT:USDT,15m_fast,28d,3,,,INSUFFICIENT_SAMPLE
ADA/USDT:USDT,1h_continuation,28d,6,close_exit_4h,0.092,INSUFFICIENT_SAMPLE
ADA/USDT:USDT,4h_flip,28d,8,close_exit_4h,-0.0411,INSUFFICIENT_SAMPLE
ADA/USDT:USDT,adaptive_trend_route,28d,12,close_exit_4h,0.0135,MARGINAL
AVAX/USDT:USDT,15m_fast,28d,12,close_exit_4h,0.0306,MARGINAL
AVAX/USDT:USDT,1h_continuation,28d,10,close_exit_4h,-0.0524,NEGATIVE
AVAX/USDT:USDT,4h_flip,28d,7,close_exit_4h,0.2708,INSUFFICIENT_SAMPLE
AVAX/USDT:USDT,adaptive_trend_route,28d,8,close_exit_4h,-0.1603,INSUFFICIENT_SAMPLE
AVAX/USDT:USDT,aligned_trend,28d,6,close_exit_4h,0.0915,INSUFFICIENT_SAMPLE
DOGE/USDT:USDT,15m_fast,28d,14,close_exit_4h,-0.0306,NEGATIVE_NEAR_BE
DOGE/USDT:USDT,1h_continuation,28d,5,close_exit_48h,0.3236,INSUFFICIENT_SAMPLE
DOGE/USDT:USDT,4h_flip,28d,5,close_exit_8h,-0.0798,INSUFFICIENT_SAMPLE
DOGE/USDT:USDT,adaptive_trend_route,28d,9,close_exit_4h,-0.1018,INSUFFICIENT_SAMPLE
DOGE/USDT:USDT,aligned_trend,28d,5,close_exit_4h,0.1899,INSUFFICIENT_SAMPLE
ETH/USDT:USDT,15m_fast,28d,20,close_exit_8h,-0.0415,NEGATIVE_NEAR_BE
ETH/USDT:USDT,1h_continuation,28d,5,close_exit_24h,0.1839,INSUFFICIENT_SAMPLE
ETH/USDT:USDT,4h_flip,28d,7,close_exit_4h,0.1702,INSUFFICIENT_SAMPLE
ETH/USDT:USDT,adaptive_trend_route,28d,8,close_exit_8h,0.0366,INSUFFICIENT_SAMPLE
ETH/USDT:USDT,aligned_trend,28d,3,,,INSUFFICIENT_SAMPLE
LINK/USDT:USDT,15m_fast,28d,11,close_exit_4h,-0.0142,NEGATIVE_NEAR_BE
LINK/USDT:USDT,1h_continuation,28d,6,close_exit_4h,0.0133,INSUFFICIENT_SAMPLE
LINK/USDT:USDT,4h_flip,28d,8,close_exit_8h,0.045,INSUFFICIENT_SAMPLE
LINK/USDT:USDT,adaptive_trend_route,28d,9,close_exit_8h,0.0627,INSUFFICIENT_SAMPLE
LINK/USDT:USDT,aligned_trend,28d,2,,,INSUFFICIENT_SAMPLE
SOL/USDT:USDT,15m_fast,28d,11,close_exit_4h,-0.0802,NEGATIVE
SOL/USDT:USDT,1h_continuation,28d,7,close_exit_8h,0.1226,INSUFFICIENT_SAMPLE
SOL/USDT:USDT,4h_flip,28d,8,close_exit_4h,0.0826,INSUFFICIENT_SAMPLE
SOL/USDT:USDT,adaptive_trend_route,28d,6,close_exit_4h,-0.0839,INSUFFICIENT_SAMPLE
SOL/USDT:USDT,aligned_trend,28d,5,close_exit_4h,0.2531,INSUFFICIENT_SAMPLE
SUI/USDT:USDT,15m_fast,28d,20,close_exit_4h,-0.0888,NEGATIVE
SUI/USDT:USDT,1h_continuation,28d,8,close_exit_48h,0.2221,INSUFFICIENT_SAMPLE
SUI/USDT:USDT,4h_flip,28d,8,close_exit_48h,0.0629,INSUFFICIENT_SAMPLE
SUI/USDT:USDT,adaptive_trend_route,28d,5,close_exit_8h,-0.2302,INSUFFICIENT_SAMPLE
SUI/USDT:USDT,aligned_trend,28d,5,close_exit_48h,0.2492,INSUFFICIENT_SAMPLE
XRP/USDT:USDT,15m_fast,28d,11,close_exit_8h,0.1049,POSITIVE_EXPECTANCY
XRP/USDT:USDT,1h_continuation,28d,4,,,INSUFFICIENT_SAMPLE
XRP/USDT:USDT,4h_flip,28d,8,close_exit_4h,-0.0187,INSUFFICIENT_SAMPLE
XRP/USDT:USDT,adaptive_trend_route,28d,5,close_exit_8h,0.0232,INSUFFICIENT_SAMPLE
XRP/USDT:USDT,aligned_trend,28d,3,,,INSUFFICIENT_SAMPLE
ADA/USDT:USDT,15m_fast,60d,14,close_exit_4h,-0.0237,NEGATIVE_NEAR_BE
ADA/USDT:USDT,1h_continuation,60d,14,close_exit_4h,0.0614,POSITIVE_EXPECTANCY
ADA/USDT:USDT,4h_flip,60d,16,close_exit_8h,0.0724,POSITIVE_EXPECTANCY
ADA/USDT:USDT,adaptive_trend_route,60d,17,close_exit_4h,-0.029,NEGATIVE_NEAR_BE
ADA/USDT:USDT,aligned_trend,60d,2,,,INSUFFICIENT_SAMPLE
AVAX/USDT:USDT,15m_fast,60d,36,close_exit_4h,0.014,MARGINAL
AVAX/USDT:USDT,1h_continuation,60d,19,close_exit_4h,-0.0814,NEGATIVE
AVAX/USDT:USDT,4h_flip,60d,14,close_exit_8h,0.2108,POSITIVE_EXPECTANCY
AVAX/USDT:USDT,adaptive_trend_route,60d,11,close_exit_4h,-0.0881,NEGATIVE
AVAX/USDT:USDT,aligned_trend,60d,12,close_exit_4h,-0.0687,NEGATIVE
DOGE/USDT:USDT,15m_fast,60d,29,close_exit_4h,0.0483,MARGINAL
DOGE/USDT:USDT,1h_continuation,60d,12,close_exit_48h,0.1206,POSITIVE_EXPECTANCY
DOGE/USDT:USDT,4h_flip,60d,12,close_exit_4h,0.0465,MARGINAL
DOGE/USDT:USDT,adaptive_trend_route,60d,16,close_exit_4h,0.0128,MARGINAL
DOGE/USDT:USDT,aligned_trend,60d,14,close_exit_24h,0.082,POSITIVE_EXPECTANCY
ETH/USDT:USDT,15m_fast,60d,41,close_exit_4h,-0.036,NEGATIVE_NEAR_BE
ETH/USDT:USDT,1h_continuation,60d,10,close_exit_24h,0.122,POSITIVE_EXPECTANCY
ETH/USDT:USDT,4h_flip,60d,12,close_exit_8h,0.0932,POSITIVE_EXPECTANCY
ETH/USDT:USDT,adaptive_trend_route,60d,12,close_exit_100h,0.1694,POSITIVE_EXPECTANCY
ETH/USDT:USDT,aligned_trend,60d,13,close_exit_100h,0.1847,POSITIVE_EXPECTANCY
ETH/USDT:USDT,breakout_trader_route,60d,1,,,INSUFFICIENT_SAMPLE
LINK/USDT:USDT,15m_fast,60d,42,close_exit_4h,0.0061,MARGINAL
LINK/USDT:USDT,1h_continuation,60d,12,close_exit_4h,-0.0533,NEGATIVE
LINK/USDT:USDT,4h_flip,60d,17,close_exit_8h,0.1186,POSITIVE_EXPECTANCY
LINK/USDT:USDT,adaptive_trend_route,60d,15,close_exit_4h,0.0432,MARGINAL
LINK/USDT:USDT,aligned_trend,60d,10,close_exit_24h,0.0482,MARGINAL
SOL/USDT:USDT,15m_fast,60d,32,close_exit_4h,0.0118,MARGINAL
SOL/USDT:USDT,1h_continuation,60d,14,close_exit_8h,0.1328,POSITIVE_EXPECTANCY
SOL/USDT:USDT,4h_flip,60d,14,close_exit_4h,0.1402,POSITIVE_EXPECTANCY
SOL/USDT:USDT,adaptive_trend_route,60d,11,close_exit_8h,-0.032,NEGATIVE_NEAR_BE
SOL/USDT:USDT,aligned_trend,60d,16,close_exit_4h,0.084,POSITIVE_EXPECTANCY
SUI/USDT:USDT,15m_fast,60d,35,close_exit_4h,-0.0275,NEGATIVE_NEAR_BE
SUI/USDT:USDT,1h_continuation,60d,16,close_exit_48h,0.1463,POSITIVE_EXPECTANCY
SUI/USDT:USDT,4h_flip,60d,13,close_exit_48h,0.1802,POSITIVE_EXPECTANCY
SUI/USDT:USDT,adaptive_trend_route,60d,13,close_exit_4h,-0.1264,NEGATIVE
SUI/USDT:USDT,aligned_trend,60d,15,close_exit_48h,0.1727,POSITIVE_EXPECTANCY
XRP/USDT:USDT,15m_fast,60d,30,close_exit_100h,0.1605,POSITIVE_EXPECTANCY
XRP/USDT:USDT,1h_continuation,60d,11,close_exit_100h,0.5915,POSITIVE_EXPECTANCY
XRP/USDT:USDT,4h_flip,60d,13,close_exit_4h,0.0953,POSITIVE_EXPECTANCY
XRP/USDT:USDT,adaptive_trend_route,60d,11,close_exit_8h,0.1519,POSITIVE_EXPECTANCY
XRP/USDT:USDT,aligned_trend,60d,13,close_exit_100h,0.9616,POSITIVE_EXPECTANCY
