window,scope,exit_model,opportunities,win_rate,avg_R,median_R,worst_R,p95_adverse_R,fee_adj_avg_R_taker,fee_adj_avg_R_maker,verdict
28d,all_paths_all_symbols,current_2R_TP,305,0.0,-0.1246,0.0,-1.0,-1.0,-0.1445,-0.1385,NEGATIVE
28d,all_paths_all_symbols,partial_at_1R,305,0.0426,-0.1033,0.0,-1.0,-1.0,-0.1231,-0.1172,NEGATIVE
28d,all_paths_all_symbols,breakeven_after_1R,305,0.0,-0.1246,0.0,-1.0,-1.0,-0.1445,-0.1385,NEGATIVE
28d,all_paths_all_symbols,breakeven_after_0.5R_proxy,305,0.0,-0.118,0.0,-1.0,-1.0,-0.1379,-0.1319,NEGATIVE
28d,all_paths_all_symbols,breakeven_after_0.67R_proxy,305,0.0,-0.1213,0.0,-1.0,-1.0,-0.1412,-0.1352,NEGATIVE
28d,all_paths_all_symbols,trail_proxy_0.67R_BE,305,0.0,-0.1213,0.0,-1.0,-1.0,-0.1412,-0.1352,NEGATIVE
28d,all_paths_all_symbols,time_exit_8h_mfe,305,0.9869,0.2754,0.2253,-1.0,0.0188,0.2555,0.2615,POSITIVE_EXPECTANCY
28d,all_paths_all_symbols,time_exit_8h_mae,305,0.0,-0.2561,-0.1857,-1.0,-0.7604,-0.276,-0.27,NEGATIVE
28d,all_paths_all_symbols,time_exit_8h_mid,305,0.5475,0.0096,0.0235,-1.0,-0.3075,-0.0102,-0.0043,NEGATIVE_NEAR_BE
28d,all_paths_all_symbols,time_exit_24h_mfe,305,0.8721,0.2534,0.2863,-1.0,-1.0,0.2335,0.2395,POSITIVE_EXPECTANCY
28d,all_paths_all_symbols,time_exit_24h_mae,305,0.0,-0.5092,-0.4771,-1.0,-1.0,-0.5291,-0.5231,NEGATIVE
28d,all_paths_all_symbols,time_exit_24h_mid,305,0.4164,-0.1279,-0.0702,-1.0,-1.0,-0.1478,-0.1418,NEGATIVE
28d,all_paths_all_symbols,time_exit_48h_mfe,305,0.8754,0.3894,0.3851,-1.0,-1.0,0.3695,0.3755,POSITIVE_EXPECTANCY
28d,all_paths_all_symbols,time_exit_48h_mae,305,0.0,-0.688,-0.6944,-2.0318,-1.1336,-0.7079,-0.7019,NEGATIVE
28d,all_paths_all_symbols,time_exit_48h_mid,305,0.377,-0.1493,-0.1327,-1.0,-1.0,-0.1692,-0.1632,NEGATIVE
60d,all_paths_all_symbols,current_2R_TP,683,0.0073,-0.1069,0.0,-1.0,-1.0,-0.1248,-0.1194,NEGATIVE
60d,all_paths_all_symbols,partial_at_1R,683,0.082,-0.0732,0.0,-1.0,-1.0,-0.0911,-0.0857,NEGATIVE
60d,all_paths_all_symbols,breakeven_after_1R,683,0.0073,-0.1069,0.0,-1.0,-1.0,-0.1248,-0.1194,NEGATIVE
60d,all_paths_all_symbols,breakeven_after_0.5R_proxy,683,0.0073,-0.0966,0.0,-1.0,-1.0,-0.1145,-0.1092,NEGATIVE
60d,all_paths_all_symbols,breakeven_after_0.67R_proxy,683,0.0073,-0.101,0.0,-1.0,-1.0,-0.1189,-0.1135,NEGATIVE
60d,all_paths_all_symbols,trail_proxy_0.67R_BE,683,0.0073,-0.101,0.0,-1.0,-1.0,-0.1189,-0.1135,NEGATIVE
60d,all_paths_all_symbols,time_exit_8h_mfe,683,0.9795,0.2762,0.2209,-1.0,0.0133,0.2583,0.2637,POSITIVE_EXPECTANCY
60d,all_paths_all_symbols,time_exit_8h_mae,683,0.0,-0.2399,-0.1632,-1.0,-0.7755,-0.2578,-0.2524,NEGATIVE
60d,all_paths_all_symbols,time_exit_8h_mid,683,0.5769,0.0182,0.0334,-1.0,-0.3392,0.0003,0.0056,MARGINAL
60d,all_paths_all_symbols,time_exit_24h_mfe,683,0.877,0.3201,0.3756,-1.0,-1.0,0.3022,0.3076,POSITIVE_EXPECTANCY
60d,all_paths_all_symbols,time_exit_24h_mae,683,0.0073,-0.4218,-0.3533,-1.0,-1.0,-0.4397,-0.4343,NEGATIVE
60d,all_paths_all_symbols,time_exit_24h_mid,683,0.5183,-0.0508,0.0163,-1.0,-1.0,-0.0687,-0.0634,NEGATIVE
60d,all_paths_all_symbols,time_exit_48h_mfe,683,0.8785,0.4639,0.5101,-1.0,-1.0,0.446,0.4513,POSITIVE_EXPECTANCY
60d,all_paths_all_symbols,time_exit_48h_mae,683,0.0073,-0.5955,-0.58,-2.3424,-1.2404,-0.6134,-0.608,NEGATIVE
60d,all_paths_all_symbols,time_exit_48h_mid,683,0.4963,-0.0658,-0.0059,-1.0,-1.0,-0.0837,-0.0783,NEGATIVE
28d,path=15m_fast,current_2R_TP,102,0.0,-0.1863,0.0,-1.0,-1.0,-0.2051,-0.1994,NEGATIVE
28d,path=15m_fast,partial_at_1R,102,0.0392,-0.1667,0.0,-1.0,-1.0,-0.1855,-0.1798,NEGATIVE
28d,path=15m_fast,breakeven_after_1R,102,0.0,-0.1863,0.0,-1.0,-1.0,-0.2051,-0.1994,NEGATIVE
28d,path=15m_fast,breakeven_after_0.5R_proxy,102,0.0,-0.1863,0.0,-1.0,-1.0,-0.2051,-0.1994,NEGATIVE
28d,path=15m_fast,breakeven_after_0.67R_proxy,102,0.0,-0.1863,0.0,-1.0,-1.0,-0.2051,-0.1994,NEGATIVE
28d,path=15m_fast,trail_proxy_0.67R_BE,102,0.0,-0.1863,0.0,-1.0,-1.0,-0.2051,-0.1994,NEGATIVE
28d,path=15m_fast,time_exit_8h_mfe,102,0.9804,0.275,0.199,-1.0,0.0092,0.2562,0.2618,POSITIVE_EXPECTANCY
28d,path=15m_fast,time_exit_8h_mae,102,0.0,-0.3067,-0.2308,-1.0,-0.9359,-0.3255,-0.3199,NEGATIVE
28d,path=15m_fast,time_exit_8h_mid,102,0.4902,-0.0159,-0.007,-1.0,-0.4285,-0.0347,-0.029,NEGATIVE_NEAR_BE
28d,path=15m_fast,time_exit_24h_mfe,102,0.8137,0.1895,0.297,-1.0,-1.0,0.1707,0.1763,POSITIVE_EXPECTANCY
28d,path=15m_fast,time_exit_24h_mae,102,0.0,-0.5176,-0.5002,-1.0,-1.0,-0.5364,-0.5308,NEGATIVE
28d,path=15m_fast,time_exit_24h_mid,102,0.4118,-0.1641,-0.0717,-1.0,-1.0,-0.1829,-0.1773,NEGATIVE
28d,path=15m_fast,time_exit_48h_mfe,102,0.8137,0.307,0.3853,-1.0,-1.0,0.2882,0.2938,POSITIVE_EXPECTANCY
28d,path=15m_fast,time_exit_48h_mae,102,0.0,-0.6817,-0.7026,-1.4303,-1.0,-0.7005,-0.6949,NEGATIVE
28d,path=15m_fast,time_exit_48h_mid,102,0.3824,-0.1874,-0.1335,-1.0,-1.0,-0.2062,-0.2005,NEGATIVE
28d,path=1h_continuation,current_2R_TP,51,0.0,-0.098,0.0,-1.0,-1.0,-0.1162,-0.1108,NEGATIVE
28d,path=1h_continuation,partial_at_1R,51,0.098,-0.049,0.0,-1.0,-1.0,-0.0672,-0.0617,NEGATIVE
28d,path=1h_continuation,breakeven_after_1R,51,0.0,-0.098,0.0,-1.0,-1.0,-0.1162,-0.1108,NEGATIVE
28d,path=1h_continuation,breakeven_after_0.5R_proxy,51,0.0,-0.098,0.0,-1.0,-1.0,-0.1162,-0.1108,NEGATIVE
28d,path=1h_continuation,breakeven_after_0.67R_proxy,51,0.0,-0.098,0.0,-1.0,-1.0,-0.1162,-0.1108,NEGATIVE
28d,path=1h_continuation,trail_proxy_0.67R_BE,51,0.0,-0.098,0.0,-1.0,-1.0,-0.1162,-0.1108,NEGATIVE
28d,path=1h_continuation,time_exit_8h_mfe,51,0.9804,0.2966,0.2719,0.0,0.0403,0.2784,0.2839,POSITIVE_EXPECTANCY
28d,path=1h_continuation,time_exit_8h_mae,51,0.0,-0.2382,-0.1635,-0.811,-0.6743,-0.2564,-0.2509,NEGATIVE
28d,path=1h_continuation,time_exit_8h_mid,51,0.6078,0.0292,0.0549,-0.3395,-0.2748,0.011,0.0165,MARGINAL
28d,path=1h_continuation,time_exit_24h_mfe,51,0.8824,0.3751,0.3411,-1.0,-1.0,0.3569,0.3623,POSITIVE_EXPECTANCY
28d,path=1h_continuation,time_exit_24h_mae,51,0.0,-0.4668,-0.4492,-1.0,-1.0,-0.4849,-0.4795,NEGATIVE
28d,path=1h_continuation,time_exit_24h_mid,51,0.4706,-0.0459,-0.0105,-1.0,-1.0,-0.064,-0.0586,NEGATIVE
28d,path=1h_continuation,time_exit_48h_mfe,51,0.902,0.5494,0.4709,-1.0,-1.0,0.5312,0.5367,POSITIVE_EXPECTANCY
28d,path=1h_continuation,time_exit_48h_mae,51,0.0,-0.5738,-0.5758,-1.0361,-1.0,-0.5919,-0.5865,NEGATIVE
28d,path=1h_continuation,time_exit_48h_mid,51,0.4902,-0.0122,-0.0105,-1.0,-1.0,-0.0303,-0.0249,NEGATIVE_NEAR_BE
28d,path=4h_flip,current_2R_TP,59,0.0,-0.0847,0.0,-1.0,-1.0,-0.1027,-0.0973,NEGATIVE
28d,path=4h_flip,partial_at_1R,59,0.0339,-0.0678,0.0,-1.0,-1.0,-0.0857,-0.0804,NEGATIVE
28d,path=4h_flip,breakeven_after_1R,59,0.0,-0.0847,0.0,-1.0,-1.0,-0.1027,-0.0973,NEGATIVE
28d,path=4h_flip,breakeven_after_0.5R_proxy,59,0.0,-0.0678,0.0,-1.0,-1.0,-0.0857,-0.0804,NEGATIVE
28d,path=4h_flip,breakeven_after_0.67R_proxy,59,0.0,-0.0678,0.0,-1.0,-1.0,-0.0857,-0.0804,NEGATIVE
28d,path=4h_flip,trail_proxy_0.67R_BE,59,0.0,-0.0678,0.0,-1.0,-1.0,-0.0857,-0.0804,NEGATIVE
28d,path=4h_flip,time_exit_8h_mfe,59,1.0,0.2596,0.1893,0.0171,0.0391,0.2416,0.247,POSITIVE_EXPECTANCY
28d,path=4h_flip,time_exit_8h_mae,59,0.0,-0.168,-0.1344,-0.5224,-0.3755,-0.186,-0.1806,NEGATIVE
28d,path=4h_flip,time_exit_8h_mid,59,0.6271,0.0458,0.0235,-0.2337,-0.1669,0.0278,0.0332,MARGINAL
28d,path=4h_flip,time_exit_24h_mfe,59,0.9153,0.233,0.2475,-1.0,-1.0,0.2151,0.2205,POSITIVE_EXPECTANCY
28d,path=4h_flip,time_exit_24h_mae,59,0.0,-0.4714,-0.4305,-1.0,-1.0,-0.4894,-0.484,NEGATIVE
28d,path=4h_flip,time_exit_24h_mid,59,0.4576,-0.1192,-0.066,-1.0,-1.0,-0.1371,-0.1318,NEGATIVE
28d,path=4h_flip,time_exit_48h_mfe,59,0.9153,0.356,0.2582,-1.0,-1.0,0.338,0.3434,POSITIVE_EXPECTANCY
28d,path=4h_flip,time_exit_48h_mae,59,0.0,-0.7289,-0.7764,-1.8017,-1.3672,-0.7468,-0.7414,NEGATIVE
28d,path=4h_flip,time_exit_48h_mid,59,0.3559,-0.1864,-0.2506,-1.0,-1.0,-0.2044,-0.199,NEGATIVE
28d,path=adaptive_trend_route,current_2R_TP,64,0.0,-0.1406,0.0,-1.0,-1.0,-0.166,-0.1584,NEGATIVE
28d,path=adaptive_trend_route,partial_at_1R,64,0.0,-0.1406,0.0,-1.0,-1.0,-0.166,-0.1584,NEGATIVE
28d,path=adaptive_trend_route,breakeven_after_1R,64,0.0,-0.1406,0.0,-1.0,-1.0,-0.166,-0.1584,NEGATIVE
28d,path=adaptive_trend_route,breakeven_after_0.5R_proxy,64,0.0,-0.125,0.0,-1.0,-1.0,-0.1504,-0.1428,NEGATIVE
28d,path=adaptive_trend_route,breakeven_after_0.67R_proxy,64,0.0,-0.1406,0.0,-1.0,-1.0,-0.166,-0.1584,NEGATIVE
28d,path=adaptive_trend_route,trail_proxy_0.67R_BE,64,0.0,-0.1406,0.0,-1.0,-1.0,-0.166,-0.1584,NEGATIVE
28d,path=adaptive_trend_route,time_exit_8h_mfe,64,0.9844,0.1821,0.1336,-1.0,0.0105,0.1567,0.1643,POSITIVE_EXPECTANCY
28d,path=adaptive_trend_route,time_exit_8h_mae,64,0.0,-0.2975,-0.2238,-1.0,-0.8984,-0.3229,-0.3153,NEGATIVE
28d,path=adaptive_trend_route,time_exit_8h_mid,64,0.375,-0.0577,-0.0562,-1.0,-0.423,-0.0831,-0.0755,NEGATIVE
28d,path=adaptive_trend_route,time_exit_24h_mfe,64,0.8594,0.1067,0.2123,-1.0,-1.0,0.0813,0.0889,POSITIVE_EXPECTANCY
28d,path=adaptive_trend_route,time_exit_24h_mae,64,0.0,-0.6114,-0.5709,-1.0,-1.0,-0.6369,-0.6292,NEGATIVE
28d,path=adaptive_trend_route,time_exit_24h_mid,64,0.2031,-0.2524,-0.1619,-1.0,-1.0,-0.2778,-0.2702,NEGATIVE
28d,path=adaptive_trend_route,time_exit_48h_mfe,64,0.8594,0.2354,0.2689,-1.0,-1.0,0.21,0.2176,POSITIVE_EXPECTANCY
28d,path=adaptive_trend_route,time_exit_48h_mae,64,0.0,-0.7974,-0.7776,-2.0318,-1.1839,-0.8228,-0.8152,NEGATIVE
28d,path=adaptive_trend_route,time_exit_48h_mid,64,0.2188,-0.281,-0.1993,-1.0,-1.0,-0.3064,-0.2988,NEGATIVE
28d,path=aligned_trend,current_2R_TP,29,0.0,0.0,0.0,0.0,0.0,-0.0182,-0.0127,NEGATIVE_NEAR_BE
28d,path=aligned_trend,partial_at_1R,29,0.069,0.0345,0.0,0.0,0.0,0.0163,0.0217,MARGINAL
28d,path=aligned_trend,breakeven_after_1R,29,0.0,0.0,0.0,0.0,0.0,-0.0182,-0.0127,NEGATIVE_NEAR_BE
28d,path=aligned_trend,breakeven_after_0.5R_proxy,29,0.0,0.0,0.0,0.0,0.0,-0.0182,-0.0127,NEGATIVE_NEAR_BE
28d,path=aligned_trend,breakeven_after_0.67R_proxy,29,0.0,0.0,0.0,0.0,0.0,-0.0182,-0.0127,NEGATIVE_NEAR_BE
28d,path=aligned_trend,trail_proxy_0.67R_BE,29,0.0,0.0,0.0,0.0,0.0,-0.0182,-0.0127,NEGATIVE_NEAR_BE
28d,path=aligned_trend,time_exit_8h_mfe,29,1.0,0.4774,0.4399,0.0423,0.1988,0.4592,0.4647,POSITIVE_EXPECTANCY
28d,path=aligned_trend,time_exit_8h_mae,29,0.0,-0.1979,-0.1636,-0.811,-0.4356,-0.2161,-0.2106,NEGATIVE
28d,path=aligned_trend,time_exit_8h_mid,29,0.8621,0.1398,0.1484,-0.2929,-0.1122,0.1216,0.127,POSITIVE_EXPECTANCY
28d,path=aligned_trend,time_exit_24h_mfe,29,1.0,0.6293,0.7009,0.2253,0.3064,0.6111,0.6165,POSITIVE_EXPECTANCY
28d,path=aligned_trend,time_exit_24h_mae,29,0.0,-0.4058,-0.3552,-0.9514,-0.9012,-0.424,-0.4186,NEGATIVE
28d,path=aligned_trend,time_exit_24h_mid,29,0.7241,0.1117,0.1522,-0.3249,-0.312,0.0935,0.099,POSITIVE_EXPECTANCY
28d,path=aligned_trend,time_exit_48h_mfe,29,1.0,0.8055,0.7401,0.2253,0.3143,0.7873,0.7927,POSITIVE_EXPECTANCY
28d,path=aligned_trend,time_exit_48h_mae,29,0.0,-0.5867,-0.6274,-1.1232,-0.9425,-0.6049,-0.5994,NEGATIVE
28d,path=aligned_trend,time_exit_48h_mid,29,0.5517,0.1094,0.0356,-0.385,-0.3235,0.0912,0.0967,POSITIVE_EXPECTANCY
