symbol,checkpoint,regime,adx,full_route,reduced_route,path_4h_flip,path_1h_continuation,path_15m_fast,path_aligned,full_mode_confidence,reduced_mode_confidence,full_mode_reachable,reduced_mode_reachable,block_reason
SOL/USDT:USDT,2026-04-17T07:30:00+00:00,trending,33.8559,supertrend_trend,supertrend_trend,False,False,True,False,59.23,0.0,True,False,15m_fast_disabled
SOL/USDT:USDT,2026-04-17T08:00:00+00:00,trending,34.2964,supertrend_trend,supertrend_trend,False,False,False,False,0.0,0.0,False,False,
SOL/USDT:USDT,2026-04-17T08:30:00+00:00,trending,34.2964,supertrend_trend,supertrend_trend,False,False,False,False,0.0,0.0,False,False,
SOL/USDT:USDT,2026-04-17T09:00:00+00:00,trending,34.2964,supertrend_trend,supertrend_trend,False,False,False,False,0.0,0.0,False,False,
SOL/USDT:USDT,2026-04-17T09:30:00+00:00,trending,34.2964,supertrend_trend,supertrend_trend,False,False,False,False,0.0,0.0,False,False,
SOL/USDT:USDT,2026-04-17T10:00:00+00:00,trending,34.2964,supertrend_trend,supertrend_trend,False,False,False,True,51.11,0.0,True,False,aligned_trend_disabled
SOL/USDT:USDT,2026-04-17T10:30:00+00:00,trending,34.2964,supertrend_trend,supertrend_trend,False,False,False,True,51.11,0.0,True,False,aligned_trend_disabled
SOL/USDT:USDT,2026-04-17T11:00:00+00:00,trending,34.2964,supertrend_trend,supertrend_trend,False,False,False,False,0.0,0.0,False,False,
SOL/USDT:USDT,2026-04-17T11:30:00+00:00,trending,34.2964,supertrend_trend,supertrend_trend,False,False,False,False,0.0,0.0,False,False,
SOL/USDT:USDT,2026-04-17T12:00:00+00:00,trending,35.1255,supertrend_trend,supertrend_trend,False,False,False,False,0.0,0.0,False,False,
SOL/USDT:USDT,2026-04-17T12:30:00+00:00,trending,35.1255,supertrend_trend,supertrend_trend,False,False,False,False,0.0,0.0,False,False,
SOL/USDT:USDT,2026-04-17T13:00:00+00:00,trending,35.1255,supertrend_trend,supertrend_trend,False,False,True,True,66.68,0.0,True,False,15m_fast_disabled
SOL/USDT:USDT,2026-04-17T13:30:00+00:00,trending,35.1255,supertrend_trend,supertrend_trend,False,False,True,True,53.34,0.0,True,False,15m_fast_disabled
SOL/USDT:USDT,2026-04-17T14:00:00+00:00,trending,35.1255,supertrend_trend,supertrend_trend,False,False,False,True,51.68,0.0,True,False,aligned_trend_disabled
SOL/USDT:USDT,2026-04-17T14:30:00+00:00,trending,35.1255,supertrend_trend,supertrend_trend,False,False,False,True,51.68,0.0,True,False,aligned_trend_disabled
SOL/USDT:USDT,2026-04-17T15:00:00+00:00,trending,35.1255,supertrend_trend,supertrend_trend,False,False,False,True,51.68,0.0,True,False,aligned_trend_disabled
SOL/USDT:USDT,2026-04-17T15:30:00+00:00,trending,35.1255,supertrend_trend,supertrend_trend,False,False,False,True,51.68,0.0,True,False,aligned_trend_disabled
SOL/USDT:USDT,2026-04-17T16:00:00+00:00,trending,36.3244,supertrend_trend,supertrend_trend,False,False,False,False,0.0,0.0,False,False,
SOL/USDT:USDT,2026-04-17T16:30:00+00:00,trending,36.3244,supertrend_trend,supertrend_trend,False,False,False,False,0.0,0.0,False,False,
SOL/USDT:USDT,2026-04-17T17:00:00+00:00,trending,36.3244,supertrend_trend,supertrend_trend,False,False,False,False,0.0,0.0,False,False,
SOL/USDT:USDT,2026-04-17T17:30:00+00:00,trending,36.3244,supertrend_trend,supertrend_trend,False,False,False,False,0.0,0.0,False,False,
SOL/USDT:USDT,2026-04-17T18:00:00+00:00,trending,36.3244,supertrend_trend,supertrend_trend,False,False,False,False,0.0,0.0,False,False,
SOL/USDT:USDT,2026-04-17T18:30:00+00:00,trending,36.3244,supertrend_trend,supertrend_trend,False,False,False,False,0.0,0.0,False,False,
SOL/USDT:USDT,2026-04-17T19:00:00+00:00,trending,36.3244,supertrend_trend,supertrend_trend,False,False,False,False,0.0,0.0,False,False,
SOL/USDT:USDT,2026-04-17T19:30:00+00:00,trending,36.3244,supertrend_trend,supertrend_trend,False,False,False,False,0.0,0.0,False,False,
SOL/USDT:USDT,2026-04-17T20:00:00+00:00,trending,37.4376,supertrend_trend,supertrend_trend,False,False,False,False,0.0,0.0,False,False,
SOL/USDT:USDT,2026-04-17T20:30:00+00:00,trending,37.4376,supertrend_trend,supertrend_trend,False,False,False,False,0.0,0.0,False,False,
SOL/USDT:USDT,2026-04-17T21:00:00+00:00,trending,37.4376,supertrend_trend,supertrend_trend,False,False,False,False,0.0,0.0,False,False,
SOL/USDT:USDT,2026-04-17T21:30:00+00:00,trending,37.4376,supertrend_trend,supertrend_trend,False,False,False,False,0.0,0.0,False,False,
SOL/USDT:USDT,2026-04-17T22:00:00+00:00,trending,37.4376,supertrend_trend,supertrend_trend,False,False,False,False,0.0,0.0,False,False,
SOL/USDT:USDT,2026-04-17T22:30:00+00:00,trending,37.4376,supertrend_trend,supertrend_trend,False,False,False,False,0.0,0.0,False,False,
SOL/USDT:USDT,2026-04-17T23:00:00+00:00,trending,37.4376,supertrend_trend,supertrend_trend,False,False,False,False,0.0,0.0,False,False,
SOL/USDT:USDT,2026-04-17T23:30:00+00:00,trending,37.4376,supertrend_trend,supertrend_trend,False,False,False,False,0.0,0.0,False,False,
SOL/USDT:USDT,2026-04-18T00:00:00+00:00,trending,38.0143,supertrend_trend,supertrend_trend,False,False,False,False,0.0,0.0,False,False,
SOL/USDT:USDT,2026-04-18T00:30:00+00:00,trending,38.0143,supertrend_trend,supertrend_trend,False,False,False,False,0.0,0.0,False,False,
SOL/USDT:USDT,2026-04-18T01:00:00+00:00,trending,38.0143,supertrend_trend,supertrend_trend,False,False,False,False,0.0,0.0,False,False,
SOL/USDT:USDT,2026-04-18T01:30:00+00:00,trending,38.0143,supertrend_trend,supertrend_trend,False,False,False,False,0.0,0.0,False,False,
SOL/USDT:USDT,2026-04-18T02:00:00+00:00,trending,38.0143,supertrend_trend,supertrend_trend,False,False,False,False,0.0,0.0,False,False,
SOL/USDT:USDT,2026-04-18T02:30:00+00:00,trending,38.0143,supertrend_trend,supertrend_trend,False,False,False,False,0.0,0.0,False,False,
SOL/USDT:USDT,2026-04-18T03:00:00+00:00,trending,38.0143,supertrend_trend,supertrend_trend,False,False,False,False,0.0,0.0,False,False,
SOL/USDT:USDT,2026-04-18T03:30:00+00:00,trending,38.0143,supertrend_trend,supertrend_trend,False,False,False,False,0.0,0.0,False,False,
SOL/USDT:USDT,2026-04-18T04:00:00+00:00,trending,38.2766,supertrend_trend,supertrend_trend,False,False,False,False,0.0,0.0,False,False,
SOL/USDT:USDT,2026-04-18T04:30:00+00:00,trending,38.2766,supertrend_trend,supertrend_trend,False,False,False,False,0.0,0.0,False,False,
SOL/USDT:USDT,2026-04-18T05:00:00+00:00,trending,38.2766,supertrend_trend,supertrend_trend,False,False,False,False,0.0,0.0,False,False,
SOL/USDT:USDT,2026-04-18T05:30:00+00:00,trending,38.2766,supertrend_trend,supertrend_trend,False,False,False,False,0.0,0.0,False,False,
SOL/USDT:USDT,2026-04-18T06:00:00+00:00,trending,38.2766,supertrend_trend,supertrend_trend,False,False,False,False,0.0,0.0,False,False,
SOL/USDT:USDT,2026-04-18T06:30:00+00:00,trending,38.2766,supertrend_trend,supertrend_trend,False,False,False,False,0.0,0.0,False,False,
SOL/USDT:USDT,2026-04-18T07:00:00+00:00,trending,38.2766,supertrend_trend,supertrend_trend,False,False,False,False,0.0,0.0,False,False,
SOL/USDT:USDT,2026-04-18T07:30:00+00:00,trending,38.2766,supertrend_trend,supertrend_trend,False,False,False,False,0.0,0.0,False,False,
SOL/USDT:USDT,2026-04-18T08:00:00+00:00,trending,38.4406,supertrend_trend,supertrend_trend,False,False,False,False,0.0,0.0,False,False,
SOL/USDT:USDT,2026-04-18T08:30:00+00:00,trending,38.4406,supertrend_trend,supertrend_trend,False,False,False,False,0.0,0.0,False,False,
SOL/USDT:USDT,2026-04-18T09:00:00+00:00,trending,38.4406,supertrend_trend,supertrend_trend,False,False,False,False,0.0,0.0,False,False,
SOL/USDT:USDT,2026-04-18T09:30:00+00:00,trending,38.4406,supertrend_trend,supertrend_trend,False,False,False,False,0.0,0.0,False,False,
SOL/USDT:USDT,2026-04-18T10:00:00+00:00,trending,38.4406,supertrend_trend,supertrend_trend,False,False,False,False,0.0,0.0,False,False,
SOL/USDT:USDT,2026-04-18T10:30:00+00:00,trending,38.4406,supertrend_trend,supertrend_trend,False,False,False,False,0.0,0.0,False,False,
SOL/USDT:USDT,2026-04-18T11:00:00+00:00,trending,38.4406,supertrend_trend,supertrend_trend,False,False,False,False,0.0,0.0,False,False,
SOL/USDT:USDT,2026-04-18T11:30:00+00:00,trending,38.4406,supertrend_trend,supertrend_trend,False,False,False,False,0.0,0.0,False,False,
SOL/USDT:USDT,2026-04-18T12:00:00+00:00,trending,36.7322,supertrend_trend,supertrend_trend,False,False,False,False,0.0,0.0,False,False,
SOL/USDT:USDT,2026-04-18T12:30:00+00:00,trending,36.7322,supertrend_trend,supertrend_trend,False,False,False,False,0.0,0.0,False,False,
SOL/USDT:USDT,2026-04-18T13:00:00+00:00,trending,36.7322,supertrend_trend,supertrend_trend,False,False,False,False,0.0,0.0,False,False,
SOL/USDT:USDT,2026-04-18T13:30:00+00:00,trending,36.7322,supertrend_trend,supertrend_trend,False,False,False,False,0.0,0.0,False,False,
SOL/USDT:USDT,2026-04-18T14:00:00+00:00,trending,36.7322,supertrend_trend,supertrend_trend,False,False,False,False,0.0,0.0,False,False,
SOL/USDT:USDT,2026-04-18T14:30:00+00:00,trending,36.7322,supertrend_trend,supertrend_trend,False,False,False,False,0.0,0.0,False,False,
SOL/USDT:USDT,2026-04-18T15:00:00+00:00,trending,36.7322,supertrend_trend,supertrend_trend,False,False,False,False,0.0,0.0,False,False,
SOL/USDT:USDT,2026-04-18T15:30:00+00:00,trending,36.7322,supertrend_trend,supertrend_trend,False,False,False,False,0.0,0.0,False,False,
SOL/USDT:USDT,2026-04-18T16:00:00+00:00,trending,35.1457,supertrend_trend,supertrend_trend,False,False,False,False,0.0,0.0,False,False,
SOL/USDT:USDT,2026-04-18T16:30:00+00:00,trending,35.1457,supertrend_trend,supertrend_trend,False,False,False,False,0.0,0.0,False,False,
SOL/USDT:USDT,2026-04-18T17:00:00+00:00,trending,35.1457,supertrend_trend,supertrend_trend,False,False,False,False,0.0,0.0,False,False,
SOL/USDT:USDT,2026-04-18T17:30:00+00:00,trending,35.1457,supertrend_trend,supertrend_trend,False,False,False,False,0.0,0.0,False,False,
SOL/USDT:USDT,2026-04-18T18:00:00+00:00,trending,35.1457,supertrend_trend,supertrend_trend,False,False,False,False,0.0,0.0,False,False,
SOL/USDT:USDT,2026-04-18T18:30:00+00:00,trending,35.1457,supertrend_trend,supertrend_trend,False,False,False,False,0.0,0.0,False,False,
SOL/USDT:USDT,2026-04-18T19:00:00+00:00,trending,35.1457,supertrend_trend,supertrend_trend,False,False,False,False,0.0,0.0,False,False,
SOL/USDT:USDT,2026-04-18T19:30:00+00:00,trending,35.1457,supertrend_trend,supertrend_trend,False,False,False,False,0.0,0.0,False,False,
SOL/USDT:USDT,2026-04-18T20:00:00+00:00,trending,33.1149,supertrend_trend,supertrend_trend,False,False,False,False,0.0,0.0,False,False,
SOL/USDT:USDT,2026-04-18T20:30:00+00:00,trending,33.1149,supertrend_trend,supertrend_trend,False,False,False,False,0.0,0.0,False,False,
SOL/USDT:USDT,2026-04-18T21:00:00+00:00,trending,33.1149,supertrend_trend,supertrend_trend,False,False,False,False,0.0,0.0,False,False,
SOL/USDT:USDT,2026-04-18T21:30:00+00:00,trending,33.1149,supertrend_trend,supertrend_trend,False,False,False,False,0.0,0.0,False,False,
SOL/USDT:USDT,2026-04-18T22:00:00+00:00,trending,33.1149,supertrend_trend,supertrend_trend,False,False,False,False,0.0,0.0,False,False,
SOL/USDT:USDT,2026-04-18T22:30:00+00:00,trending,33.1149,supertrend_trend,supertrend_trend,False,False,False,False,0.0,0.0,False,False,
SOL/USDT:USDT,2026-04-18T23:00:00+00:00,trending,33.1149,supertrend_trend,supertrend_trend,False,False,False,False,0.0,0.0,False,False,
SOL/USDT:USDT,2026-04-18T23:30:00+00:00,trending,33.1149,supertrend_trend,supertrend_trend,False,False,False,False,0.0,0.0,False,False,
SOL/USDT:USDT,2026-04-19T00:00:00+00:00,trending,31.2292,supertrend_trend,supertrend_trend,False,False,False,False,0.0,0.0,False,False,
SOL/USDT:USDT,2026-04-19T00:30:00+00:00,trending,31.2292,supertrend_trend,supertrend_trend,False,False,False,False,0.0,0.0,False,False,
SOL/USDT:USDT,2026-04-19T01:00:00+00:00,trending,31.2292,supertrend_trend,supertrend_trend,False,False,False,False,0.0,0.0,False,False,
SOL/USDT:USDT,2026-04-19T01:30:00+00:00,trending,31.2292,supertrend_trend,supertrend_trend,False,False,False,False,0.0,0.0,False,False,
SOL/USDT:USDT,2026-04-19T02:00:00+00:00,trending,31.2292,supertrend_trend,supertrend_trend,False,False,False,False,0.0,0.0,False,False,
SOL/USDT:USDT,2026-04-19T02:30:00+00:00,trending,31.2292,supertrend_trend,supertrend_trend,False,False,False,False,0.0,0.0,False,False,
SOL/USDT:USDT,2026-04-19T03:00:00+00:00,trending,31.2292,supertrend_trend,supertrend_trend,False,False,False,False,0.0,0.0,False,False,
SOL/USDT:USDT,2026-04-19T03:30:00+00:00,trending,31.2292,supertrend_trend,supertrend_trend,False,False,False,False,0.0,0.0,False,False,
SOL/USDT:USDT,2026-04-19T04:00:00+00:00,trending,29.1097,supertrend_trend,supertrend_trend,True,False,False,False,75.1,75.1,True,True,
SOL/USDT:USDT,2026-04-19T04:30:00+00:00,trending,29.1097,supertrend_trend,supertrend_trend,True,False,False,False,75.1,75.1,True,True,
SOL/USDT:USDT,2026-04-19T05:00:00+00:00,trending,29.1097,supertrend_trend,supertrend_trend,True,False,False,False,75.1,75.1,True,True,
SOL/USDT:USDT,2026-04-19T05:30:00+00:00,trending,29.1097,supertrend_trend,supertrend_trend,True,False,False,False,75.1,75.1,True,True,
SOL/USDT:USDT,2026-04-19T06:00:00+00:00,trending,29.1097,supertrend_trend,supertrend_trend,True,False,False,False,75.1,75.1,True,True,
SOL/USDT:USDT,2026-04-19T06:30:00+00:00,trending,29.1097,supertrend_trend,supertrend_trend,True,False,False,False,75.1,75.1,True,True,
SOL/USDT:USDT,2026-04-19T07:00:00+00:00,trending,29.1097,supertrend_trend,supertrend_trend,True,False,False,False,75.1,75.1,True,True,
SOL/USDT:USDT,2026-04-19T07:30:00+00:00,trending,29.1097,supertrend_trend,supertrend_trend,True,False,False,False,75.1,75.1,True,True,
SOL/USDT:USDT,2026-04-19T08:00:00+00:00,trending,27.841,supertrend_trend,supertrend_trend,False,False,False,False,0.0,0.0,False,False,
SOL/USDT:USDT,2026-04-19T08:30:00+00:00,trending,27.841,supertrend_trend,supertrend_trend,False,False,False,False,0.0,0.0,False,False,
SOL/USDT:USDT,2026-04-19T09:00:00+00:00,trending,27.841,supertrend_trend,supertrend_trend,False,False,False,False,0.0,0.0,False,False,
SOL/USDT:USDT,2026-04-19T09:30:00+00:00,trending,27.841,supertrend_trend,supertrend_trend,False,False,False,False,0.0,0.0,False,False,
SOL/USDT:USDT,2026-04-19T10:00:00+00:00,trending,27.841,supertrend_trend,supertrend_trend,False,False,False,False,0.0,0.0,False,False,
SOL/USDT:USDT,2026-04-19T10:30:00+00:00,trending,27.841,supertrend_trend,supertrend_trend,False,False,False,False,0.0,0.0,False,False,
SOL/USDT:USDT,2026-04-19T11:00:00+00:00,trending,27.841,supertrend_trend,supertrend_trend,False,False,False,False,0.0,0.0,False,False,
SOL/USDT:USDT,2026-04-19T11:30:00+00:00,trending,27.841,supertrend_trend,supertrend_trend,False,False,False,False,0.0,0.0,False,False,
SOL/USDT:USDT,2026-04-19T12:00:00+00:00,trending,26.663,supertrend_trend,supertrend_trend,False,False,False,False,0.0,0.0,False,False,
SOL/USDT:USDT,2026-04-19T12:30:00+00:00,trending,26.663,supertrend_trend,supertrend_trend,False,False,False,False,0.0,0.0,False,False,
SOL/USDT:USDT,2026-04-19T13:00:00+00:00,trending,26.663,supertrend_trend,supertrend_trend,False,False,False,False,0.0,0.0,False,False,
SOL/USDT:USDT,2026-04-19T13:30:00+00:00,trending,26.663,supertrend_trend,supertrend_trend,False,False,False,False,0.0,0.0,False,False,
SOL/USDT:USDT,2026-04-19T14:00:00+00:00,trending,26.663,supertrend_trend,supertrend_trend,False,False,False,False,0.0,0.0,False,False,
SOL/USDT:USDT,2026-04-19T14:30:00+00:00,trending,26.663,supertrend_trend,supertrend_trend,False,False,False,False,0.0,0.0,False,False,
SOL/USDT:USDT,2026-04-19T15:00:00+00:00,trending,26.663,supertrend_trend,supertrend_trend,False,False,False,False,0.0,0.0,False,False,
SOL/USDT:USDT,2026-04-19T15:30:00+00:00,trending,26.663,supertrend_trend,supertrend_trend,False,False,False,False,0.0,0.0,False,False,
SOL/USDT:USDT,2026-04-19T16:00:00+00:00,trending,25.1654,supertrend_trend,supertrend_trend,False,False,False,False,0.0,0.0,False,False,
SOL/USDT:USDT,2026-04-19T16:30:00+00:00,trending,25.1654,supertrend_trend,supertrend_trend,False,False,False,False,0.0,0.0,False,False,
SOL/USDT:USDT,2026-04-19T17:00:00+00:00,trending,25.1654,supertrend_trend,supertrend_trend,False,False,False,False,0.0,0.0,False,False,
SOL/USDT:USDT,2026-04-19T17:30:00+00:00,trending,25.1654,supertrend_trend,supertrend_trend,False,False,False,False,0.0,0.0,False,False,
SOL/USDT:USDT,2026-04-19T18:00:00+00:00,trending,25.1654,supertrend_trend,supertrend_trend,False,False,False,False,0.0,0.0,False,False,
SOL/USDT:USDT,2026-04-19T18:30:00+00:00,trending,25.1654,supertrend_trend,supertrend_trend,False,False,False,False,0.0,0.0,False,False,
SOL/USDT:USDT,2026-04-19T19:00:00+00:00,trending,25.1654,supertrend_trend,supertrend_trend,False,False,False,False,0.0,0.0,False,False,
SOL/USDT:USDT,2026-04-19T19:30:00+00:00,trending,25.1654,supertrend_trend,supertrend_trend,False,False,False,False,0.0,0.0,False,False,
SOL/USDT:USDT,2026-04-19T20:00:00+00:00,trending,23.5094,supertrend_trend,supertrend_trend,False,False,False,False,0.0,0.0,False,False,
SOL/USDT:USDT,2026-04-19T20:30:00+00:00,trending,23.5094,supertrend_trend,supertrend_trend,False,False,False,False,0.0,0.0,False,False,
SOL/USDT:USDT,2026-04-19T21:00:00+00:00,trending,23.5094,supertrend_trend,supertrend_trend,False,True,False,True,65.01,65.01,True,True,
SOL/USDT:USDT,2026-04-19T21:30:00+00:00,trending,23.5094,supertrend_trend,supertrend_trend,False,True,False,True,65.01,65.01,True,True,
SOL/USDT:USDT,2026-04-19T22:00:00+00:00,trending,23.5094,supertrend_trend,supertrend_trend,False,True,False,False,58.51,58.51,True,True,
SOL/USDT:USDT,2026-04-19T22:30:00+00:00,trending,23.5094,supertrend_trend,supertrend_trend,False,True,False,False,58.51,58.51,True,True,
SOL/USDT:USDT,2026-04-19T23:00:00+00:00,trending,23.5094,supertrend_trend,supertrend_trend,False,True,False,False,52.01,52.01,True,True,
SOL/USDT:USDT,2026-04-19T23:30:00+00:00,trending,23.5094,supertrend_trend,supertrend_trend,False,True,False,False,52.01,52.01,True,True,
SOL/USDT:USDT,2026-04-20T00:00:00+00:00,trending,23.3239,supertrend_trend,supertrend_trend,False,True,False,False,45.39,45.39,True,True,
SOL/USDT:USDT,2026-04-20T00:30:00+00:00,trending,23.3239,supertrend_trend,supertrend_trend,False,True,False,False,45.39,45.39,True,True,
SOL/USDT:USDT,2026-04-20T01:00:00+00:00,trending,23.3239,supertrend_trend,supertrend_trend,False,True,False,False,38.9,38.9,False,False,
SOL/USDT:USDT,2026-04-20T01:30:00+00:00,trending,23.3239,supertrend_trend,supertrend_trend,False,True,False,False,38.9,38.9,False,False,
SOL/USDT:USDT,2026-04-20T02:00:00+00:00,trending,23.3239,supertrend_trend,supertrend_trend,False,True,False,False,38.9,38.9,False,False,
SOL/USDT:USDT,2026-04-20T02:30:00+00:00,trending,23.3239,supertrend_trend,supertrend_trend,False,True,False,False,38.9,38.9,False,False,
SOL/USDT:USDT,2026-04-20T03:00:00+00:00,trending,23.3239,supertrend_trend,supertrend_trend,False,True,False,False,38.9,38.9,False,False,
SOL/USDT:USDT,2026-04-20T03:30:00+00:00,trending,23.3239,supertrend_trend,supertrend_trend,False,True,False,False,38.9,38.9,False,False,
SOL/USDT:USDT,2026-04-20T04:00:00+00:00,trending,23.1517,supertrend_trend,supertrend_trend,False,True,False,False,38.81,38.81,False,False,
SOL/USDT:USDT,2026-04-20T04:30:00+00:00,trending,23.1517,supertrend_trend,supertrend_trend,False,True,False,False,38.81,38.81,False,False,
SOL/USDT:USDT,2026-04-20T05:00:00+00:00,trending,23.1517,supertrend_trend,supertrend_trend,False,False,False,False,0.0,0.0,False,False,
SOL/USDT:USDT,2026-04-20T05:30:00+00:00,trending,23.1517,supertrend_trend,supertrend_trend,False,False,True,False,58.51,0.0,True,False,15m_fast_disabled
SOL/USDT:USDT,2026-04-20T06:00:00+00:00,trending,23.1517,supertrend_trend,supertrend_trend,False,False,True,False,46.81,0.0,True,False,15m_fast_disabled
SOL/USDT:USDT,2026-04-20T06:30:00+00:00,trending,23.1517,supertrend_trend,supertrend_trend,False,False,False,False,0.0,0.0,False,False,
SOL/USDT:USDT,2026-04-20T07:00:00+00:00,trending,23.1517,supertrend_trend,supertrend_trend,False,False,False,False,0.0,0.0,False,False,
SOL/USDT:USDT,2026-04-20T07:30:00+00:00,trending,23.1517,supertrend_trend,supertrend_trend,False,False,False,False,0.0,0.0,False,False,
SOL/USDT:USDT,2026-04-20T08:00:00+00:00,trending,22.0202,supertrend_trend,supertrend_trend,False,False,False,False,0.0,0.0,False,False,
SOL/USDT:USDT,2026-04-20T08:30:00+00:00,trending,22.0202,supertrend_trend,supertrend_trend,False,False,False,False,0.0,0.0,False,False,
SOL/USDT:USDT,2026-04-20T09:00:00+00:00,trending,22.0202,supertrend_trend,supertrend_trend,False,False,False,False,0.0,0.0,False,False,
SOL/USDT:USDT,2026-04-20T09:30:00+00:00,trending,22.0202,supertrend_trend,supertrend_trend,False,False,False,False,0.0,0.0,False,False,
SOL/USDT:USDT,2026-04-20T10:00:00+00:00,trending,22.0202,supertrend_trend,supertrend_trend,False,False,False,False,0.0,0.0,False,False,
SOL/USDT:USDT,2026-04-20T10:30:00+00:00,trending,22.0202,supertrend_trend,supertrend_trend,False,False,False,False,0.0,0.0,False,False,
SOL/USDT:USDT,2026-04-20T11:00:00+00:00,trending,22.0202,supertrend_trend,supertrend_trend,False,False,False,False,0.0,0.0,False,False,
SOL/USDT:USDT,2026-04-20T11:30:00+00:00,trending,22.0202,supertrend_trend,supertrend_trend,False,False,False,False,0.0,0.0,False,False,
SOL/USDT:USDT,2026-04-20T12:00:00+00:00,trending,20.9696,supertrend_trend,supertrend_trend,False,False,False,False,0.0,0.0,False,False,
SOL/USDT:USDT,2026-04-20T12:30:00+00:00,trending,20.9696,supertrend_trend,supertrend_trend,False,False,False,False,0.0,0.0,False,False,
SOL/USDT:USDT,2026-04-20T13:00:00+00:00,trending,20.9696,supertrend_trend,supertrend_trend,False,False,False,False,0.0,0.0,False,False,
SOL/USDT:USDT,2026-04-20T13:30:00+00:00,trending,20.9696,supertrend_trend,supertrend_trend,False,False,False,False,0.0,0.0,False,False,
SOL/USDT:USDT,2026-04-20T14:00:00+00:00,trending,20.9696,supertrend_trend,supertrend_trend,False,False,False,False,0.0,0.0,False,False,
SOL/USDT:USDT,2026-04-20T14:30:00+00:00,trending,20.9696,supertrend_trend,supertrend_trend,False,False,False,False,0.0,0.0,False,False,
SOL/USDT:USDT,2026-04-20T15:00:00+00:00,trending,20.9696,supertrend_trend,supertrend_trend,False,False,False,False,0.0,0.0,False,False,
SOL/USDT:USDT,2026-04-20T15:30:00+00:00,trending,20.9696,supertrend_trend,supertrend_trend,False,False,False,False,0.0,0.0,False,False,
SOL/USDT:USDT,2026-04-20T16:00:00+00:00,trending,19.6014,supertrend_trend,supertrend_trend,False,False,False,False,0.0,0.0,False,False,
SOL/USDT:USDT,2026-04-20T16:30:00+00:00,trending,19.6014,supertrend_trend,supertrend_trend,False,False,False,False,0.0,0.0,False,False,
SOL/USDT:USDT,2026-04-20T17:00:00+00:00,trending,19.6014,supertrend_trend,supertrend_trend,False,False,False,False,0.0,0.0,False,False,
SOL/USDT:USDT,2026-04-20T17:30:00+00:00,trending,19.6014,supertrend_trend,supertrend_trend,False,False,False,False,0.0,0.0,False,False,
SOL/USDT:USDT,2026-04-20T18:00:00+00:00,trending,19.6014,supertrend_trend,supertrend_trend,False,False,False,False,0.0,0.0,False,False,
SOL/USDT:USDT,2026-04-20T18:30:00+00:00,trending,19.6014,supertrend_trend,supertrend_trend,False,False,False,False,0.0,0.0,False,False,
SOL/USDT:USDT,2026-04-20T19:00:00+00:00,trending,19.6014,supertrend_trend,supertrend_trend,False,False,False,False,0.0,0.0,False,False,
SOL/USDT:USDT,2026-04-20T19:30:00+00:00,trending,19.6014,supertrend_trend,supertrend_trend,False,False,False,False,0.0,0.0,False,False,
SOL/USDT:USDT,2026-04-20T20:00:00+00:00,trending,18.3451,supertrend_trend,supertrend_trend,False,False,False,False,0.0,0.0,False,False,
SOL/USDT:USDT,2026-04-20T20:30:00+00:00,trending,18.3451,supertrend_trend,supertrend_trend,False,False,False,False,0.0,0.0,False,False,
SOL/USDT:USDT,2026-04-20T21:00:00+00:00,trending,18.3451,supertrend_trend,supertrend_trend,False,False,False,False,0.0,0.0,False,False,
SOL/USDT:USDT,2026-04-20T21:30:00+00:00,trending,18.3451,supertrend_trend,supertrend_trend,False,False,False,False,0.0,0.0,False,False,
SOL/USDT:USDT,2026-04-20T22:00:00+00:00,trending,18.3451,supertrend_trend,supertrend_trend,False,False,False,False,0.0,0.0,False,False,
SOL/USDT:USDT,2026-04-20T22:30:00+00:00,trending,18.3451,supertrend_trend,supertrend_trend,False,False,False,False,0.0,0.0,False,False,
SOL/USDT:USDT,2026-04-20T23:00:00+00:00,trending,18.3451,supertrend_trend,supertrend_trend,False,False,False,False,0.0,0.0,False,False,
SOL/USDT:USDT,2026-04-20T23:30:00+00:00,trending,18.3451,supertrend_trend,supertrend_trend,False,False,False,False,0.0,0.0,False,False,
SOL/USDT:USDT,2026-04-21T00:00:00+00:00,ranging,17.144,adaptive_trend,none,False,False,False,False,0.0,0.0,False,False,adaptive_trend_route_disabled
SOL/USDT:USDT,2026-04-21T00:30:00+00:00,ranging,17.144,adaptive_trend,none,False,False,False,False,0.0,0.0,False,False,adaptive_trend_route_disabled
SOL/USDT:USDT,2026-04-21T01:00:00+00:00,ranging,17.144,adaptive_trend,none,False,False,False,False,0.0,0.0,False,False,adaptive_trend_route_disabled
SOL/USDT:USDT,2026-04-21T01:30:00+00:00,ranging,17.144,adaptive_trend,none,False,False,False,False,0.0,0.0,False,False,adaptive_trend_route_disabled
SOL/USDT:USDT,2026-04-21T02:00:00+00:00,ranging,17.144,adaptive_trend,none,False,False,False,False,0.0,0.0,False,False,adaptive_trend_route_disabled
SOL/USDT:USDT,2026-04-21T02:30:00+00:00,ranging,17.144,adaptive_trend,none,False,False,False,False,0.0,0.0,False,False,adaptive_trend_route_disabled
SOL/USDT:USDT,2026-04-21T03:00:00+00:00,ranging,17.144,adaptive_trend,none,False,False,False,False,0.0,0.0,False,False,adaptive_trend_route_disabled
SOL/USDT:USDT,2026-04-21T03:30:00+00:00,ranging,17.144,adaptive_trend,none,False,False,False,False,0.0,0.0,False,False,adaptive_trend_route_disabled
SOL/USDT:USDT,2026-04-21T04:00:00+00:00,ranging,16.0083,adaptive_trend,none,False,False,False,False,0.0,0.0,False,False,adaptive_trend_route_disabled
SOL/USDT:USDT,2026-04-21T04:30:00+00:00,ranging,16.0083,adaptive_trend,none,False,False,False,False,0.0,0.0,False,False,adaptive_trend_route_disabled
SOL/USDT:USDT,2026-04-21T05:00:00+00:00,ranging,16.0083,adaptive_trend,none,False,False,False,False,0.0,0.0,False,False,adaptive_trend_route_disabled
SOL/USDT:USDT,2026-04-21T05:30:00+00:00,ranging,16.0083,adaptive_trend,none,False,False,False,False,0.0,0.0,False,False,adaptive_trend_route_disabled
SOL/USDT:USDT,2026-04-21T06:00:00+00:00,ranging,16.0083,adaptive_trend,none,False,False,False,False,0.0,0.0,False,False,adaptive_trend_route_disabled
SOL/USDT:USDT,2026-04-21T06:30:00+00:00,ranging,16.0083,adaptive_trend,none,False,False,False,False,0.0,0.0,False,False,adaptive_trend_route_disabled
SOL/USDT:USDT,2026-04-21T07:00:00+00:00,ranging,16.0083,adaptive_trend,none,False,False,False,False,0.0,0.0,False,False,adaptive_trend_route_disabled
SOL/USDT:USDT,2026-04-21T07:30:00+00:00,ranging,16.0083,adaptive_trend,none,False,False,False,False,0.0,0.0,False,False,adaptive_trend_route_disabled
SOL/USDT:USDT,2026-04-21T08:00:00+00:00,ranging,14.9089,adaptive_trend,none,False,False,False,False,0.0,0.0,False,False,adaptive_trend_route_disabled
SOL/USDT:USDT,2026-04-21T08:30:00+00:00,ranging,14.9089,adaptive_trend,none,False,False,False,False,0.0,0.0,False,False,adaptive_trend_route_disabled
SOL/USDT:USDT,2026-04-21T09:00:00+00:00,ranging,14.9089,adaptive_trend,none,False,False,False,False,0.0,0.0,False,False,adaptive_trend_route_disabled
SOL/USDT:USDT,2026-04-21T09:30:00+00:00,ranging,14.9089,adaptive_trend,none,False,False,False,False,0.0,0.0,False,False,adaptive_trend_route_disabled
SOL/USDT:USDT,2026-04-21T10:00:00+00:00,ranging,14.9089,adaptive_trend,none,False,False,False,False,0.0,0.0,False,False,adaptive_trend_route_disabled
SOL/USDT:USDT,2026-04-21T10:30:00+00:00,ranging,14.9089,adaptive_trend,none,False,False,False,False,0.0,0.0,False,False,adaptive_trend_route_disabled
SOL/USDT:USDT,2026-04-21T11:00:00+00:00,ranging,14.9089,adaptive_trend,none,False,False,False,False,0.0,0.0,False,False,adaptive_trend_route_disabled
SOL/USDT:USDT,2026-04-21T11:30:00+00:00,ranging,14.9089,adaptive_trend,none,False,False,False,False,0.0,0.0,False,False,adaptive_trend_route_disabled
SOL/USDT:USDT,2026-04-21T12:00:00+00:00,ranging,14.3914,adaptive_trend,none,False,False,False,False,0.0,0.0,False,False,adaptive_trend_route_disabled
SOL/USDT:USDT,2026-04-21T12:30:00+00:00,ranging,14.3914,adaptive_trend,none,False,False,False,False,0.0,0.0,False,False,adaptive_trend_route_disabled
SOL/USDT:USDT,2026-04-21T13:00:00+00:00,ranging,14.3914,adaptive_trend,none,False,False,False,False,0.0,0.0,False,False,adaptive_trend_route_disabled
SOL/USDT:USDT,2026-04-21T13:30:00+00:00,ranging,14.3914,adaptive_trend,none,False,False,False,False,0.0,0.0,False,False,adaptive_trend_route_disabled
SOL/USDT:USDT,2026-04-21T14:00:00+00:00,ranging,14.3914,adaptive_trend,none,False,False,False,False,0.0,0.0,False,False,adaptive_trend_route_disabled
SOL/USDT:USDT,2026-04-21T14:30:00+00:00,ranging,14.3914,adaptive_trend,none,False,False,False,False,0.0,0.0,False,False,adaptive_trend_route_disabled
SOL/USDT:USDT,2026-04-21T15:00:00+00:00,ranging,14.3914,adaptive_trend,none,False,False,False,False,0.0,0.0,False,False,adaptive_trend_route_disabled
SOL/USDT:USDT,2026-04-21T15:30:00+00:00,ranging,14.3914,adaptive_trend,none,False,False,False,False,0.0,0.0,False,False,adaptive_trend_route_disabled
SOL/USDT:USDT,2026-04-21T16:00:00+00:00,ranging,14.2641,adaptive_trend,none,False,False,False,False,0.0,0.0,False,False,adaptive_trend_route_disabled
SOL/USDT:USDT,2026-04-21T16:30:00+00:00,ranging,14.2641,adaptive_trend,none,False,False,False,False,0.0,0.0,False,False,adaptive_trend_route_disabled
SOL/USDT:USDT,2026-04-21T17:00:00+00:00,ranging,14.2641,adaptive_trend,none,False,False,False,False,0.0,0.0,False,False,adaptive_trend_route_disabled
SOL/USDT:USDT,2026-04-21T17:30:00+00:00,ranging,14.2641,adaptive_trend,none,False,False,False,False,0.0,0.0,False,False,adaptive_trend_route_disabled
SOL/USDT:USDT,2026-04-21T18:00:00+00:00,ranging,14.2641,adaptive_trend,none,False,False,False,False,0.0,0.0,False,False,adaptive_trend_route_disabled
SOL/USDT:USDT,2026-04-21T18:30:00+00:00,ranging,14.2641,adaptive_trend,none,False,False,False,False,0.0,0.0,False,False,adaptive_trend_route_disabled
SOL/USDT:USDT,2026-04-21T19:00:00+00:00,ranging,14.2641,adaptive_trend,none,False,False,False,False,0.0,0.0,False,False,adaptive_trend_route_disabled
SOL/USDT:USDT,2026-04-21T19:30:00+00:00,ranging,14.2641,adaptive_trend,none,False,False,False,False,0.0,0.0,False,False,adaptive_trend_route_disabled
SOL/USDT:USDT,2026-04-21T20:00:00+00:00,ranging,13.2587,adaptive_trend,none,False,False,False,False,0.0,0.0,False,False,adaptive_trend_route_disabled
SOL/USDT:USDT,2026-04-21T20:30:00+00:00,ranging,13.2587,adaptive_trend,none,False,False,False,False,0.0,0.0,False,False,adaptive_trend_route_disabled
SOL/USDT:USDT,2026-04-21T21:00:00+00:00,ranging,13.2587,adaptive_trend,none,False,False,False,False,0.0,0.0,False,False,adaptive_trend_route_disabled
SOL/USDT:USDT,2026-04-21T21:30:00+00:00,ranging,13.2587,adaptive_trend,none,False,False,False,False,0.0,0.0,False,False,adaptive_trend_route_disabled
SOL/USDT:USDT,2026-04-21T22:00:00+00:00,ranging,13.2587,adaptive_trend,none,False,False,False,False,0.0,0.0,False,False,adaptive_trend_route_disabled
SOL/USDT:USDT,2026-04-21T22:30:00+00:00,ranging,13.2587,adaptive_trend,none,False,False,False,False,0.0,0.0,False,False,adaptive_trend_route_disabled
SOL/USDT:USDT,2026-04-21T23:00:00+00:00,ranging,13.2587,adaptive_trend,none,False,False,False,False,0.0,0.0,False,False,adaptive_trend_route_disabled
SOL/USDT:USDT,2026-04-21T23:30:00+00:00,ranging,13.2587,adaptive_trend,none,False,False,False,False,0.0,0.0,False,False,adaptive_trend_route_disabled
SOL/USDT:USDT,2026-04-22T00:00:00+00:00,ranging,12.3251,adaptive_trend,none,False,False,False,False,0.0,0.0,False,False,adaptive_trend_route_disabled
SOL/USDT:USDT,2026-04-22T00:30:00+00:00,ranging,12.3251,adaptive_trend,none,False,False,False,False,0.0,0.0,False,False,adaptive_trend_route_disabled
SOL/USDT:USDT,2026-04-22T01:00:00+00:00,ranging,12.3251,adaptive_trend,none,False,False,False,False,0.0,0.0,False,False,adaptive_trend_route_disabled
SOL/USDT:USDT,2026-04-22T01:30:00+00:00,ranging,12.3251,adaptive_trend,none,False,False,False,False,0.0,0.0,False,False,adaptive_trend_route_disabled
SOL/USDT:USDT,2026-04-22T02:00:00+00:00,ranging,12.3251,adaptive_trend,none,False,False,False,False,0.0,0.0,False,False,adaptive_trend_route_disabled
SOL/USDT:USDT,2026-04-22T02:30:00+00:00,ranging,12.3251,adaptive_trend,none,False,False,False,False,0.0,0.0,False,False,adaptive_trend_route_disabled
SOL/USDT:USDT,2026-04-22T03:00:00+00:00,ranging,12.3251,adaptive_trend,none,False,False,False,False,0.0,0.0,False,False,adaptive_trend_route_disabled
SOL/USDT:USDT,2026-04-22T03:30:00+00:00,ranging,12.3251,adaptive_trend,none,False,False,False,False,0.0,0.0,False,False,adaptive_trend_route_disabled
SOL/USDT:USDT,2026-04-22T04:00:00+00:00,ranging,12.9307,adaptive_trend,none,False,False,False,False,0.0,0.0,False,False,adaptive_trend_route_disabled
SOL/USDT:USDT,2026-04-22T04:30:00+00:00,ranging,12.9307,adaptive_trend,none,False,False,False,False,0.0,0.0,False,False,adaptive_trend_route_disabled
SOL/USDT:USDT,2026-04-22T05:00:00+00:00,ranging,12.9307,adaptive_trend,none,False,False,False,False,0.0,0.0,False,False,adaptive_trend_route_disabled
SOL/USDT:USDT,2026-04-22T05:30:00+00:00,ranging,12.9307,adaptive_trend,none,False,False,False,False,0.0,0.0,False,False,adaptive_trend_route_disabled
SOL/USDT:USDT,2026-04-22T06:00:00+00:00,ranging,12.9307,adaptive_trend,none,False,False,False,False,0.0,0.0,False,False,adaptive_trend_route_disabled
SOL/USDT:USDT,2026-04-22T06:30:00+00:00,ranging,12.9307,adaptive_trend,none,False,False,False,False,0.0,0.0,False,False,adaptive_trend_route_disabled
SOL/USDT:USDT,2026-04-22T07:00:00+00:00,ranging,12.9307,adaptive_trend,none,False,False,False,False,0.0,0.0,False,False,adaptive_trend_route_disabled
SOL/USDT:USDT,2026-04-22T07:30:00+00:00,ranging,12.9307,adaptive_trend,none,False,False,False,False,0.0,0.0,False,False,adaptive_trend_route_disabled
SOL/USDT:USDT,2026-04-22T08:00:00+00:00,ranging,13.8119,adaptive_trend,none,False,False,False,False,0.0,0.0,False,False,adaptive_trend_route_disabled
SOL/USDT:USDT,2026-04-22T08:30:00+00:00,ranging,13.8119,adaptive_trend,none,False,False,False,False,0.0,0.0,False,False,adaptive_trend_route_disabled
SOL/USDT:USDT,2026-04-22T09:00:00+00:00,ranging,13.8119,adaptive_trend,none,False,False,False,False,0.0,0.0,False,False,adaptive_trend_route_disabled
SOL/USDT:USDT,2026-04-22T09:30:00+00:00,ranging,13.8119,adaptive_trend,none,False,False,False,False,0.0,0.0,False,False,adaptive_trend_route_disabled
SOL/USDT:USDT,2026-04-22T10:00:00+00:00,ranging,13.8119,adaptive_trend,none,False,False,False,False,0.0,0.0,False,False,adaptive_trend_route_disabled
SOL/USDT:USDT,2026-04-22T10:30:00+00:00,ranging,13.8119,adaptive_trend,none,False,False,False,False,0.0,0.0,False,False,adaptive_trend_route_disabled
SOL/USDT:USDT,2026-04-22T11:00:00+00:00,ranging,13.8119,adaptive_trend,none,False,False,False,False,0.0,0.0,False,False,adaptive_trend_route_disabled
SOL/USDT:USDT,2026-04-22T11:30:00+00:00,ranging,13.8119,adaptive_trend,none,False,False,False,False,0.0,0.0,False,False,adaptive_trend_route_disabled
SOL/USDT:USDT,2026-04-22T12:00:00+00:00,ranging,14.9842,adaptive_trend,none,False,False,False,False,0.0,0.0,False,False,adaptive_trend_route_disabled
SOL/USDT:USDT,2026-04-22T12:30:00+00:00,ranging,14.9842,adaptive_trend,none,False,False,False,False,0.0,0.0,False,False,adaptive_trend_route_disabled
SOL/USDT:USDT,2026-04-22T13:00:00+00:00,ranging,14.9842,adaptive_trend,none,False,False,False,False,0.0,0.0,False,False,adaptive_trend_route_disabled
SOL/USDT:USDT,2026-04-22T13:30:00+00:00,ranging,14.9842,adaptive_trend,none,False,False,False,False,0.0,0.0,False,False,adaptive_trend_route_disabled
SOL/USDT:USDT,2026-04-22T14:00:00+00:00,ranging,14.9842,adaptive_trend,none,False,False,False,False,0.0,0.0,False,False,adaptive_trend_route_disabled
SOL/USDT:USDT,2026-04-22T14:30:00+00:00,ranging,14.9842,adaptive_trend,none,False,False,False,False,0.0,0.0,False,False,adaptive_trend_route_disabled
SOL/USDT:USDT,2026-04-22T15:00:00+00:00,ranging,14.9842,adaptive_trend,none,False,False,False,False,0.0,0.0,False,False,adaptive_trend_route_disabled
SOL/USDT:USDT,2026-04-22T15:30:00+00:00,ranging,14.9842,adaptive_trend,none,False,False,False,False,0.0,0.0,False,False,adaptive_trend_route_disabled
SOL/USDT:USDT,2026-04-22T16:00:00+00:00,trending,16.3248,none,none,False,False,False,False,0.0,0.0,False,False,market_adx_weak_trend_lt_18
SOL/USDT:USDT,2026-04-22T16:30:00+00:00,trending,16.3248,none,none,False,False,False,False,0.0,0.0,False,False,market_adx_weak_trend_lt_18
SOL/USDT:USDT,2026-04-22T17:00:00+00:00,trending,16.3248,none,none,False,False,False,False,0.0,0.0,False,False,market_adx_weak_trend_lt_18
SOL/USDT:USDT,2026-04-22T17:30:00+00:00,trending,16.3248,none,none,False,False,False,False,0.0,0.0,False,False,market_adx_weak_trend_lt_18
SOL/USDT:USDT,2026-04-22T18:00:00+00:00,trending,16.3248,none,none,False,False,False,False,0.0,0.0,False,False,market_adx_weak_trend_lt_18
SOL/USDT:USDT,2026-04-22T18:30:00+00:00,trending,16.3248,none,none,False,False,False,False,0.0,0.0,False,False,market_adx_weak_trend_lt_18
SOL/USDT:USDT,2026-04-22T19:00:00+00:00,trending,16.3248,none,none,False,False,False,False,0.0,0.0,False,False,market_adx_weak_trend_lt_18
SOL/USDT:USDT,2026-04-22T19:30:00+00:00,trending,16.3248,none,none,False,False,False,False,0.0,0.0,False,False,market_adx_weak_trend_lt_18
SOL/USDT:USDT,2026-04-22T20:00:00+00:00,trending,16.5195,none,none,False,False,False,False,0.0,0.0,False,False,market_adx_weak_trend_lt_18
SOL/USDT:USDT,2026-04-22T20:30:00+00:00,trending,16.5195,none,none,False,False,False,False,0.0,0.0,False,False,market_adx_weak_trend_lt_18
SOL/USDT:USDT,2026-04-22T21:00:00+00:00,trending,16.5195,none,none,False,False,False,False,0.0,0.0,False,False,market_adx_weak_trend_lt_18
SOL/USDT:USDT,2026-04-22T21:30:00+00:00,trending,16.5195,none,none,False,False,False,False,0.0,0.0,False,False,market_adx_weak_trend_lt_18
SOL/USDT:USDT,2026-04-22T22:00:00+00:00,trending,16.5195,none,none,False,False,False,False,0.0,0.0,False,False,market_adx_weak_trend_lt_18
SOL/USDT:USDT,2026-04-22T22:30:00+00:00,trending,16.5195,none,none,False,False,False,False,0.0,0.0,False,False,market_adx_weak_trend_lt_18
SOL/USDT:USDT,2026-04-22T23:00:00+00:00,trending,16.5195,none,none,False,False,False,False,0.0,0.0,False,False,market_adx_weak_trend_lt_18
SOL/USDT:USDT,2026-04-22T23:30:00+00:00,trending,16.5195,none,none,False,False,False,False,0.0,0.0,False,False,market_adx_weak_trend_lt_18
SOL/USDT:USDT,2026-04-23T00:00:00+00:00,ranging,16.3875,adaptive_trend,none,False,False,False,False,0.0,0.0,False,False,adaptive_trend_route_disabled
SOL/USDT:USDT,2026-04-23T00:30:00+00:00,ranging,16.3875,adaptive_trend,none,False,False,False,False,0.0,0.0,False,False,adaptive_trend_route_disabled
SOL/USDT:USDT,2026-04-23T01:00:00+00:00,ranging,16.3875,adaptive_trend,none,False,False,False,False,0.0,0.0,False,False,adaptive_trend_route_disabled
SOL/USDT:USDT,2026-04-23T01:30:00+00:00,ranging,16.3875,adaptive_trend,none,False,False,False,False,0.0,0.0,False,False,adaptive_trend_route_disabled
SOL/USDT:USDT,2026-04-23T02:00:00+00:00,ranging,16.3875,adaptive_trend,none,False,False,False,False,0.0,0.0,False,False,adaptive_trend_route_disabled
SOL/USDT:USDT,2026-04-23T02:30:00+00:00,ranging,16.3875,adaptive_trend,none,False,False,False,False,0.0,0.0,False,False,adaptive_trend_route_disabled
SOL/USDT:USDT,2026-04-23T03:00:00+00:00,ranging,16.3875,adaptive_trend,none,False,False,False,False,0.0,0.0,False,False,adaptive_trend_route_disabled
SOL/USDT:USDT,2026-04-23T03:30:00+00:00,ranging,16.3875,adaptive_trend,none,False,False,False,False,0.0,0.0,False,False,adaptive_trend_route_disabled
SOL/USDT:USDT,2026-04-23T04:00:00+00:00,trending,15.3925,none,none,False,False,False,False,0.0,0.0,False,False,market_adx_weak_trend_lt_18
SOL/USDT:USDT,2026-04-23T04:30:00+00:00,trending,15.3925,none,none,False,False,False,False,0.0,0.0,False,False,market_adx_weak_trend_lt_18
SOL/USDT:USDT,2026-04-23T05:00:00+00:00,trending,15.3925,none,none,False,False,False,False,0.0,0.0,False,False,market_adx_weak_trend_lt_18
SOL/USDT:USDT,2026-04-23T05:30:00+00:00,trending,15.3925,none,none,False,False,False,False,0.0,0.0,False,False,market_adx_weak_trend_lt_18
SOL/USDT:USDT,2026-04-23T06:00:00+00:00,trending,15.3925,none,none,False,False,False,False,0.0,0.0,False,False,market_adx_weak_trend_lt_18
SOL/USDT:USDT,2026-04-23T06:30:00+00:00,trending,15.3925,none,none,False,False,False,False,0.0,0.0,False,False,market_adx_weak_trend_lt_18
SOL/USDT:USDT,2026-04-23T07:00:00+00:00,trending,15.3925,none,none,False,False,False,False,0.0,0.0,False,False,market_adx_weak_trend_lt_18
SOL/USDT:USDT,2026-04-23T07:30:00+00:00,trending,15.3925,none,none,False,False,False,False,0.0,0.0,False,False,market_adx_weak_trend_lt_18
SOL/USDT:USDT,2026-04-23T08:00:00+00:00,ranging,14.4686,adaptive_trend,none,False,False,False,False,0.0,0.0,False,False,adaptive_trend_route_disabled
SOL/USDT:USDT,2026-04-23T08:30:00+00:00,ranging,14.4686,adaptive_trend,none,False,False,False,False,0.0,0.0,False,False,adaptive_trend_route_disabled
SOL/USDT:USDT,2026-04-23T09:00:00+00:00,ranging,14.4686,adaptive_trend,none,False,False,False,False,0.0,0.0,False,False,adaptive_trend_route_disabled
SOL/USDT:USDT,2026-04-23T09:30:00+00:00,ranging,14.4686,adaptive_trend,none,False,False,False,False,0.0,0.0,False,False,adaptive_trend_route_disabled
SOL/USDT:USDT,2026-04-23T10:00:00+00:00,ranging,14.4686,adaptive_trend,none,False,False,False,False,0.0,0.0,False,False,adaptive_trend_route_disabled
SOL/USDT:USDT,2026-04-23T10:30:00+00:00,ranging,14.4686,adaptive_trend,none,False,False,False,False,0.0,0.0,False,False,adaptive_trend_route_disabled
SOL/USDT:USDT,2026-04-23T11:00:00+00:00,ranging,14.4686,adaptive_trend,none,False,False,False,False,0.0,0.0,False,False,adaptive_trend_route_disabled
SOL/USDT:USDT,2026-04-23T11:30:00+00:00,ranging,14.4686,adaptive_trend,none,False,False,False,False,0.0,0.0,False,False,adaptive_trend_route_disabled
SOL/USDT:USDT,2026-04-23T12:00:00+00:00,ranging,13.8895,adaptive_trend,none,False,False,False,False,0.0,0.0,False,False,adaptive_trend_route_disabled
SOL/USDT:USDT,2026-04-23T12:30:00+00:00,ranging,13.8895,adaptive_trend,none,False,False,False,False,0.0,0.0,False,False,adaptive_trend_route_disabled
SOL/USDT:USDT,2026-04-23T13:00:00+00:00,ranging,13.8895,adaptive_trend,none,False,False,False,False,0.0,0.0,False,False,adaptive_trend_route_disabled
SOL/USDT:USDT,2026-04-23T13:30:00+00:00,ranging,13.8895,adaptive_trend,none,False,False,False,False,0.0,0.0,False,False,adaptive_trend_route_disabled
SOL/USDT:USDT,2026-04-23T14:00:00+00:00,ranging,13.8895,adaptive_trend,none,False,False,False,False,0.0,0.0,False,False,adaptive_trend_route_disabled
SOL/USDT:USDT,2026-04-23T14:30:00+00:00,ranging,13.8895,adaptive_trend,none,False,False,False,False,0.0,0.0,False,False,adaptive_trend_route_disabled
SOL/USDT:USDT,2026-04-23T15:00:00+00:00,ranging,13.8895,adaptive_trend,none,False,False,False,False,0.0,0.0,False,False,adaptive_trend_route_disabled
SOL/USDT:USDT,2026-04-23T15:30:00+00:00,ranging,13.8895,adaptive_trend,none,False,False,False,False,0.0,0.0,False,False,adaptive_trend_route_disabled
SOL/USDT:USDT,2026-04-23T16:00:00+00:00,ranging,13.1146,adaptive_trend,none,False,False,False,False,0.0,0.0,False,False,adaptive_trend_route_disabled
SOL/USDT:USDT,2026-04-23T16:30:00+00:00,ranging,13.1146,adaptive_trend,none,False,False,False,False,0.0,0.0,False,False,adaptive_trend_route_disabled
SOL/USDT:USDT,2026-04-23T17:00:00+00:00,ranging,13.1146,adaptive_trend,none,False,False,False,False,0.0,0.0,False,False,adaptive_trend_route_disabled
SOL/USDT:USDT,2026-04-23T17:30:00+00:00,ranging,13.1146,adaptive_trend,none,False,False,False,False,0.0,0.0,False,False,adaptive_trend_route_disabled
SOL/USDT:USDT,2026-04-23T18:00:00+00:00,ranging,13.1146,adaptive_trend,none,False,False,False,False,0.0,0.0,False,False,adaptive_trend_route_disabled
SOL/USDT:USDT,2026-04-23T18:30:00+00:00,ranging,13.1146,adaptive_trend,none,False,False,False,False,0.0,0.0,False,False,adaptive_trend_route_disabled
SOL/USDT:USDT,2026-04-23T19:00:00+00:00,ranging,13.1146,adaptive_trend,none,False,False,False,False,0.0,0.0,False,False,adaptive_trend_route_disabled
SOL/USDT:USDT,2026-04-23T19:30:00+00:00,ranging,13.1146,adaptive_trend,none,False,False,False,False,0.0,0.0,False,False,adaptive_trend_route_disabled
SOL/USDT:USDT,2026-04-23T20:00:00+00:00,ranging,12.8802,adaptive_trend,none,False,False,False,False,0.0,0.0,False,False,adaptive_trend_route_disabled
SOL/USDT:USDT,2026-04-23T20:30:00+00:00,ranging,12.8802,adaptive_trend,none,False,False,False,False,0.0,0.0,False,False,adaptive_trend_route_disabled
SOL/USDT:USDT,2026-04-23T21:00:00+00:00,ranging,12.8802,adaptive_trend,none,False,False,False,False,0.0,0.0,False,False,adaptive_trend_route_disabled
SOL/USDT:USDT,2026-04-23T21:30:00+00:00,ranging,12.8802,adaptive_trend,none,False,False,False,False,0.0,0.0,False,False,adaptive_trend_route_disabled
SOL/USDT:USDT,2026-04-23T22:00:00+00:00,ranging,12.8802,adaptive_trend,none,False,False,False,False,0.0,0.0,False,False,adaptive_trend_route_disabled
SOL/USDT:USDT,2026-04-23T22:30:00+00:00,ranging,12.8802,adaptive_trend,none,False,False,False,False,0.0,0.0,False,False,adaptive_trend_route_disabled
SOL/USDT:USDT,2026-04-23T23:00:00+00:00,ranging,12.8802,adaptive_trend,none,False,False,False,False,0.0,0.0,False,False,adaptive_trend_route_disabled
SOL/USDT:USDT,2026-04-23T23:30:00+00:00,ranging,12.8802,adaptive_trend,none,False,False,False,False,0.0,0.0,False,False,adaptive_trend_route_disabled
SOL/USDT:USDT,2026-04-24T00:00:00+00:00,ranging,12.6627,adaptive_trend,none,False,False,False,False,0.0,0.0,False,False,adaptive_trend_route_disabled
SOL/USDT:USDT,2026-04-24T00:30:00+00:00,ranging,12.6627,adaptive_trend,none,False,False,False,False,0.0,0.0,False,False,adaptive_trend_route_disabled
SOL/USDT:USDT,2026-04-24T01:00:00+00:00,ranging,12.6627,adaptive_trend,none,False,False,False,False,0.0,0.0,False,False,adaptive_trend_route_disabled
SOL/USDT:USDT,2026-04-24T01:30:00+00:00,ranging,12.6627,adaptive_trend,none,False,False,False,False,0.0,0.0,False,False,adaptive_trend_route_disabled
SOL/USDT:USDT,2026-04-24T02:00:00+00:00,ranging,12.6627,adaptive_trend,none,False,False,False,False,0.0,0.0,False,False,adaptive_trend_route_disabled
SOL/USDT:USDT,2026-04-24T02:30:00+00:00,ranging,12.6627,adaptive_trend,none,False,False,False,False,0.0,0.0,False,False,adaptive_trend_route_disabled
SOL/USDT:USDT,2026-04-24T03:00:00+00:00,ranging,12.6627,adaptive_trend,none,False,False,False,False,0.0,0.0,False,False,adaptive_trend_route_disabled
SOL/USDT:USDT,2026-04-24T03:30:00+00:00,ranging,12.6627,adaptive_trend,none,False,False,False,False,0.0,0.0,False,False,adaptive_trend_route_disabled
SOL/USDT:USDT,2026-04-24T04:00:00+00:00,ranging,12.3465,adaptive_trend,none,False,False,False,False,0.0,0.0,False,False,adaptive_trend_route_disabled
SOL/USDT:USDT,2026-04-24T04:30:00+00:00,ranging,12.3465,adaptive_trend,none,False,False,False,False,0.0,0.0,False,False,adaptive_trend_route_disabled
SOL/USDT:USDT,2026-04-24T05:00:00+00:00,ranging,12.3465,adaptive_trend,none,False,False,False,False,0.0,0.0,False,False,adaptive_trend_route_disabled
SOL/USDT:USDT,2026-04-24T05:30:00+00:00,ranging,12.3465,adaptive_trend,none,False,False,False,False,0.0,0.0,False,False,adaptive_trend_route_disabled
SOL/USDT:USDT,2026-04-24T06:00:00+00:00,ranging,12.3465,adaptive_trend,none,False,False,False,False,0.0,0.0,False,False,adaptive_trend_route_disabled
SOL/USDT:USDT,2026-04-24T06:30:00+00:00,ranging,12.3465,adaptive_trend,none,False,False,False,False,0.0,0.0,False,False,adaptive_trend_route_disabled
SOL/USDT:USDT,2026-04-24T07:00:00+00:00,ranging,12.3465,adaptive_trend,none,False,False,False,False,0.0,0.0,False,False,adaptive_trend_route_disabled
SOL/USDT:USDT,2026-04-24T07:30:00+00:00,ranging,12.3465,adaptive_trend,none,False,False,False,False,0.0,0.0,False,False,adaptive_trend_route_disabled
SUI/USDT:USDT,2026-04-17T07:30:00+00:00,trending,33.9464,supertrend_trend,supertrend_trend,False,False,False,False,0.0,0.0,False,False,
SUI/USDT:USDT,2026-04-17T08:00:00+00:00,trending,33.7505,supertrend_trend,supertrend_trend,False,False,True,True,59.17,0.0,True,False,15m_fast_disabled
SUI/USDT:USDT,2026-04-17T08:30:00+00:00,trending,33.7505,supertrend_trend,supertrend_trend,False,False,False,True,50.74,0.0,True,False,aligned_trend_disabled
SUI/USDT:USDT,2026-04-17T09:00:00+00:00,trending,33.7505,supertrend_trend,supertrend_trend,False,False,False,True,50.74,0.0,True,False,aligned_trend_disabled
SUI/USDT:USDT,2026-04-17T09:30:00+00:00,trending,33.7505,supertrend_trend,supertrend_trend,False,False,False,True,50.74,0.0,True,False,aligned_trend_disabled
SUI/USDT:USDT,2026-04-17T10:00:00+00:00,trending,33.7505,supertrend_trend,supertrend_trend,False,False,False,True,50.74,0.0,True,False,aligned_trend_disabled
SUI/USDT:USDT,2026-04-17T10:30:00+00:00,trending,33.7505,supertrend_trend,supertrend_trend,False,False,False,True,50.74,0.0,True,False,aligned_trend_disabled
SUI/USDT:USDT,2026-04-17T11:00:00+00:00,trending,33.7505,supertrend_trend,supertrend_trend,False,False,False,False,0.0,0.0,False,False,
SUI/USDT:USDT,2026-04-17T11:30:00+00:00,trending,33.7505,supertrend_trend,supertrend_trend,False,False,False,False,0.0,0.0,False,False,
SUI/USDT:USDT,2026-04-17T12:00:00+00:00,trending,34.0692,supertrend_trend,supertrend_trend,False,False,True,False,55.96,0.0,True,False,15m_fast_disabled
SUI/USDT:USDT,2026-04-17T12:30:00+00:00,trending,34.0692,supertrend_trend,supertrend_trend,False,False,True,False,44.77,0.0,False,False,15m_fast_disabled
SUI/USDT:USDT,2026-04-17T13:00:00+00:00,trending,34.0692,supertrend_trend,supertrend_trend,False,False,False,True,40.96,0.0,False,False,aligned_trend_disabled
SUI/USDT:USDT,2026-04-17T13:30:00+00:00,trending,34.0692,supertrend_trend,supertrend_trend,False,False,False,True,40.96,0.0,False,False,aligned_trend_disabled
SUI/USDT:USDT,2026-04-17T14:00:00+00:00,trending,34.0692,supertrend_trend,supertrend_trend,False,False,False,True,40.96,0.0,False,False,aligned_trend_disabled
SUI/USDT:USDT,2026-04-17T14:30:00+00:00,trending,34.0692,supertrend_trend,supertrend_trend,False,False,False,True,40.96,0.0,False,False,aligned_trend_disabled
SUI/USDT:USDT,2026-04-17T15:00:00+00:00,trending,34.0692,supertrend_trend,supertrend_trend,False,False,False,True,40.96,0.0,False,False,aligned_trend_disabled
SUI/USDT:USDT,2026-04-17T15:30:00+00:00,trending,34.0692,supertrend_trend,supertrend_trend,False,False,False,True,40.96,0.0,False,False,aligned_trend_disabled
SUI/USDT:USDT,2026-04-17T16:00:00+00:00,trending,35.5561,supertrend_trend,supertrend_trend,False,False,False,False,0.0,0.0,False,False,
SUI/USDT:USDT,2026-04-17T16:30:00+00:00,trending,35.5561,supertrend_trend,supertrend_trend,False,False,False,False,0.0,0.0,False,False,
SUI/USDT:USDT,2026-04-17T17:00:00+00:00,trending,35.5561,supertrend_trend,supertrend_trend,False,False,False,False,0.0,0.0,False,False,
SUI/USDT:USDT,2026-04-17T17:30:00+00:00,trending,35.5561,supertrend_trend,supertrend_trend,False,False,False,False,0.0,0.0,False,False,
SUI/USDT:USDT,2026-04-17T18:00:00+00:00,trending,35.5561,supertrend_trend,supertrend_trend,False,False,False,False,0.0,0.0,False,False,
SUI/USDT:USDT,2026-04-17T18:30:00+00:00,trending,35.5561,supertrend_trend,supertrend_trend,False,False,False,False,0.0,0.0,False,False,
SUI/USDT:USDT,2026-04-17T19:00:00+00:00,trending,35.5561,supertrend_trend,supertrend_trend,False,False,False,False,0.0,0.0,False,False,
SUI/USDT:USDT,2026-04-17T19:30:00+00:00,trending,35.5561,supertrend_trend,supertrend_trend,False,False,False,False,0.0,0.0,False,False,
SUI/USDT:USDT,2026-04-17T20:00:00+00:00,trending,36.9367,supertrend_trend,supertrend_trend,False,False,False,False,0.0,0.0,False,False,
SUI/USDT:USDT,2026-04-17T20:30:00+00:00,trending,36.9367,supertrend_trend,supertrend_trend,False,False,False,False,0.0,0.0,False,False,
SUI/USDT:USDT,2026-04-17T21:00:00+00:00,trending,36.9367,supertrend_trend,supertrend_trend,False,False,False,False,0.0,0.0,False,False,
SUI/USDT:USDT,2026-04-17T21:30:00+00:00,trending,36.9367,supertrend_trend,supertrend_trend,False,False,False,False,0.0,0.0,False,False,
SUI/USDT:USDT,2026-04-17T22:00:00+00:00,trending,36.9367,supertrend_trend,supertrend_trend,False,False,False,False,0.0,0.0,False,False,
SUI/USDT:USDT,2026-04-17T22:30:00+00:00,trending,36.9367,supertrend_trend,supertrend_trend,False,False,False,False,0.0,0.0,False,False,
SUI/USDT:USDT,2026-04-17T23:00:00+00:00,trending,36.9367,supertrend_trend,supertrend_trend,False,False,False,False,0.0,0.0,False,False,
SUI/USDT:USDT,2026-04-17T23:30:00+00:00,trending,36.9367,supertrend_trend,supertrend_trend,False,False,False,False,0.0,0.0,False,False,
SUI/USDT:USDT,2026-04-18T00:00:00+00:00,trending,37.0809,supertrend_trend,supertrend_trend,False,False,False,False,0.0,0.0,False,False,
SUI/USDT:USDT,2026-04-18T00:30:00+00:00,trending,37.0809,supertrend_trend,supertrend_trend,False,False,False,False,0.0,0.0,False,False,
SUI/USDT:USDT,2026-04-18T01:00:00+00:00,trending,37.0809,supertrend_trend,supertrend_trend,False,False,False,False,0.0,0.0,False,False,
SUI/USDT:USDT,2026-04-18T01:30:00+00:00,trending,37.0809,supertrend_trend,supertrend_trend,False,False,False,False,0.0,0.0,False,False,
SUI/USDT:USDT,2026-04-18T02:00:00+00:00,trending,37.0809,supertrend_trend,supertrend_trend,False,False,False,False,0.0,0.0,False,False,
SUI/USDT:USDT,2026-04-18T02:30:00+00:00,trending,37.0809,supertrend_trend,supertrend_trend,False,False,False,False,0.0,0.0,False,False,
SUI/USDT:USDT,2026-04-18T03:00:00+00:00,trending,37.0809,supertrend_trend,supertrend_trend,False,False,False,False,0.0,0.0,False,False,
SUI/USDT:USDT,2026-04-18T03:30:00+00:00,trending,37.0809,supertrend_trend,supertrend_trend,False,False,False,False,0.0,0.0,False,False,
SUI/USDT:USDT,2026-04-18T04:00:00+00:00,trending,36.8813,supertrend_trend,supertrend_trend,False,False,False,False,0.0,0.0,False,False,
SUI/USDT:USDT,2026-04-18T04:30:00+00:00,trending,36.8813,supertrend_trend,supertrend_trend,False,False,False,False,0.0,0.0,False,False,
SUI/USDT:USDT,2026-04-18T05:00:00+00:00,trending,36.8813,supertrend_trend,supertrend_trend,False,False,False,False,0.0,0.0,False,False,
SUI/USDT:USDT,2026-04-18T05:30:00+00:00,trending,36.8813,supertrend_trend,supertrend_trend,False,False,False,False,0.0,0.0,False,False,
SUI/USDT:USDT,2026-04-18T06:00:00+00:00,trending,36.8813,supertrend_trend,supertrend_trend,False,False,False,False,0.0,0.0,False,False,
SUI/USDT:USDT,2026-04-18T06:30:00+00:00,trending,36.8813,supertrend_trend,supertrend_trend,False,False,False,False,0.0,0.0,False,False,
SUI/USDT:USDT,2026-04-18T07:00:00+00:00,trending,36.8813,supertrend_trend,supertrend_trend,False,False,False,False,0.0,0.0,False,False,
SUI/USDT:USDT,2026-04-18T07:30:00+00:00,trending,36.8813,supertrend_trend,supertrend_trend,False,False,False,False,0.0,0.0,False,False,
SUI/USDT:USDT,2026-04-18T08:00:00+00:00,trending,36.9641,supertrend_trend,supertrend_trend,False,False,False,False,0.0,0.0,False,False,
SUI/USDT:USDT,2026-04-18T08:30:00+00:00,trending,36.9641,supertrend_trend,supertrend_trend,False,False,False,False,0.0,0.0,False,False,
SUI/USDT:USDT,2026-04-18T09:00:00+00:00,trending,36.9641,supertrend_trend,supertrend_trend,False,False,False,False,0.0,0.0,False,False,
SUI/USDT:USDT,2026-04-18T09:30:00+00:00,trending,36.9641,supertrend_trend,supertrend_trend,False,False,False,False,0.0,0.0,False,False,
SUI/USDT:USDT,2026-04-18T10:00:00+00:00,trending,36.9641,supertrend_trend,supertrend_trend,False,False,False,False,0.0,0.0,False,False,
SUI/USDT:USDT,2026-04-18T10:30:00+00:00,trending,36.9641,supertrend_trend,supertrend_trend,False,False,False,False,0.0,0.0,False,False,
SUI/USDT:USDT,2026-04-18T11:00:00+00:00,trending,36.9641,supertrend_trend,supertrend_trend,False,False,False,False,0.0,0.0,False,False,
SUI/USDT:USDT,2026-04-18T11:30:00+00:00,trending,36.9641,supertrend_trend,supertrend_trend,False,False,False,False,0.0,0.0,False,False,
SUI/USDT:USDT,2026-04-18T12:00:00+00:00,trending,34.6532,supertrend_trend,supertrend_trend,True,False,False,False,80.14,80.14,True,True,
SUI/USDT:USDT,2026-04-18T12:30:00+00:00,trending,34.6532,supertrend_trend,supertrend_trend,True,False,False,False,80.14,80.14,True,True,
SUI/USDT:USDT,2026-04-18T13:00:00+00:00,trending,34.6532,supertrend_trend,supertrend_trend,True,False,False,False,80.14,80.14,True,True,
SUI/USDT:USDT,2026-04-18T13:30:00+00:00,trending,34.6532,supertrend_trend,supertrend_trend,True,False,False,False,80.14,80.14,True,True,
SUI/USDT:USDT,2026-04-18T14:00:00+00:00,trending,34.6532,supertrend_trend,supertrend_trend,True,False,False,False,80.14,80.14,True,True,
SUI/USDT:USDT,2026-04-18T14:30:00+00:00,trending,34.6532,supertrend_trend,supertrend_trend,True,False,False,False,80.14,80.14,True,True,
SUI/USDT:USDT,2026-04-18T15:00:00+00:00,trending,34.6532,supertrend_trend,supertrend_trend,True,False,False,False,80.14,80.14,True,True,
SUI/USDT:USDT,2026-04-18T15:30:00+00:00,trending,34.6532,supertrend_trend,supertrend_trend,True,False,False,False,80.14,80.14,True,True,
SUI/USDT:USDT,2026-04-18T16:00:00+00:00,trending,32.5074,supertrend_trend,supertrend_trend,False,False,False,False,0.0,0.0,False,False,
SUI/USDT:USDT,2026-04-18T16:30:00+00:00,trending,32.5074,supertrend_trend,supertrend_trend,False,False,False,False,0.0,0.0,False,False,
SUI/USDT:USDT,2026-04-18T17:00:00+00:00,trending,32.5074,supertrend_trend,supertrend_trend,False,False,False,False,0.0,0.0,False,False,
SUI/USDT:USDT,2026-04-18T17:30:00+00:00,trending,32.5074,supertrend_trend,supertrend_trend,False,False,False,False,0.0,0.0,False,False,
SUI/USDT:USDT,2026-04-18T18:00:00+00:00,trending,32.5074,supertrend_trend,supertrend_trend,False,False,False,False,0.0,0.0,False,False,
SUI/USDT:USDT,2026-04-18T18:30:00+00:00,trending,32.5074,supertrend_trend,supertrend_trend,False,False,False,False,0.0,0.0,False,False,
SUI/USDT:USDT,2026-04-18T19:00:00+00:00,trending,32.5074,supertrend_trend,supertrend_trend,False,False,False,False,0.0,0.0,False,False,
SUI/USDT:USDT,2026-04-18T19:30:00+00:00,trending,32.5074,supertrend_trend,supertrend_trend,False,False,False,False,0.0,0.0,False,False,
SUI/USDT:USDT,2026-04-18T20:00:00+00:00,trending,30.3044,supertrend_trend,supertrend_trend,False,False,False,False,0.0,0.0,False,False,
SUI/USDT:USDT,2026-04-18T20:30:00+00:00,trending,30.3044,supertrend_trend,supertrend_trend,False,False,False,False,0.0,0.0,False,False,
SUI/USDT:USDT,2026-04-18T21:00:00+00:00,trending,30.3044,supertrend_trend,supertrend_trend,False,False,False,False,0.0,0.0,False,False,
SUI/USDT:USDT,2026-04-18T21:30:00+00:00,trending,30.3044,supertrend_trend,supertrend_trend,False,False,False,False,0.0,0.0,False,False,
SUI/USDT:USDT,2026-04-18T22:00:00+00:00,trending,30.3044,supertrend_trend,supertrend_trend,False,False,False,False,0.0,0.0,False,False,
SUI/USDT:USDT,2026-04-18T22:30:00+00:00,trending,30.3044,supertrend_trend,supertrend_trend,False,False,False,False,0.0,0.0,False,False,
SUI/USDT:USDT,2026-04-18T23:00:00+00:00,trending,30.3044,supertrend_trend,supertrend_trend,False,False,False,False,0.0,0.0,False,False,
SUI/USDT:USDT,2026-04-18T23:30:00+00:00,trending,30.3044,supertrend_trend,supertrend_trend,False,False,False,False,0.0,0.0,False,False,
SUI/USDT:USDT,2026-04-19T00:00:00+00:00,trending,28.2587,supertrend_trend,supertrend_trend,False,False,False,False,0.0,0.0,False,False,
SUI/USDT:USDT,2026-04-19T00:30:00+00:00,trending,28.2587,supertrend_trend,supertrend_trend,False,False,False,False,0.0,0.0,False,False,
SUI/USDT:USDT,2026-04-19T01:00:00+00:00,trending,28.2587,supertrend_trend,supertrend_trend,False,False,False,False,0.0,0.0,False,False,
SUI/USDT:USDT,2026-04-19T01:30:00+00:00,trending,28.2587,supertrend_trend,supertrend_trend,False,False,False,False,0.0,0.0,False,False,
SUI/USDT:USDT,2026-04-19T02:00:00+00:00,trending,28.2587,supertrend_trend,supertrend_trend,False,False,False,False,0.0,0.0,False,False,
SUI/USDT:USDT,2026-04-19T02:30:00+00:00,trending,28.2587,supertrend_trend,supertrend_trend,False,False,False,False,0.0,0.0,False,False,
SUI/USDT:USDT,2026-04-19T03:00:00+00:00,trending,28.2587,supertrend_trend,supertrend_trend,False,False,False,False,0.0,0.0,False,False,
SUI/USDT:USDT,2026-04-19T03:30:00+00:00,trending,28.2587,supertrend_trend,supertrend_trend,False,False,False,False,0.0,0.0,False,False,
SUI/USDT:USDT,2026-04-19T04:00:00+00:00,trending,26.9053,supertrend_trend,supertrend_trend,False,False,False,False,0.0,0.0,False,False,
SUI/USDT:USDT,2026-04-19T04:30:00+00:00,trending,26.9053,supertrend_trend,supertrend_trend,False,False,False,False,0.0,0.0,False,False,
SUI/USDT:USDT,2026-04-19T05:00:00+00:00,trending,26.9053,supertrend_trend,supertrend_trend,False,False,False,False,0.0,0.0,False,False,
SUI/USDT:USDT,2026-04-19T05:30:00+00:00,trending,26.9053,supertrend_trend,supertrend_trend,False,False,False,False,0.0,0.0,False,False,
SUI/USDT:USDT,2026-04-19T06:00:00+00:00,trending,26.9053,supertrend_trend,supertrend_trend,False,False,False,False,0.0,0.0,False,False,
SUI/USDT:USDT,2026-04-19T06:30:00+00:00,trending,26.9053,supertrend_trend,supertrend_trend,False,False,False,False,0.0,0.0,False,False,
SUI/USDT:USDT,2026-04-19T07:00:00+00:00,trending,26.9053,supertrend_trend,supertrend_trend,False,False,False,False,0.0,0.0,False,False,
SUI/USDT:USDT,2026-04-19T07:30:00+00:00,trending,26.9053,supertrend_trend,supertrend_trend,False,False,False,False,0.0,0.0,False,False,
SUI/USDT:USDT,2026-04-19T08:00:00+00:00,trending,25.9452,supertrend_trend,supertrend_trend,False,False,False,False,0.0,0.0,False,False,
SUI/USDT:USDT,2026-04-19T08:30:00+00:00,trending,25.9452,supertrend_trend,supertrend_trend,False,False,False,False,0.0,0.0,False,False,
SUI/USDT:USDT,2026-04-19T09:00:00+00:00,trending,25.9452,supertrend_trend,supertrend_trend,False,False,False,False,0.0,0.0,False,False,
SUI/USDT:USDT,2026-04-19T09:30:00+00:00,trending,25.9452,supertrend_trend,supertrend_trend,False,False,False,False,0.0,0.0,False,False,
SUI/USDT:USDT,2026-04-19T10:00:00+00:00,trending,25.9452,supertrend_trend,supertrend_trend,False,False,False,False,0.0,0.0,False,False,
SUI/USDT:USDT,2026-04-19T10:30:00+00:00,trending,25.9452,supertrend_trend,supertrend_trend,False,False,False,False,0.0,0.0,False,False,
SUI/USDT:USDT,2026-04-19T11:00:00+00:00,trending,25.9452,supertrend_trend,supertrend_trend,False,False,False,False,0.0,0.0,False,False,
SUI/USDT:USDT,2026-04-19T11:30:00+00:00,trending,25.9452,supertrend_trend,supertrend_trend,False,False,False,False,0.0,0.0,False,False,
SUI/USDT:USDT,2026-04-19T12:00:00+00:00,trending,24.7915,supertrend_trend,supertrend_trend,False,False,False,False,0.0,0.0,False,False,
SUI/USDT:USDT,2026-04-19T12:30:00+00:00,trending,24.7915,supertrend_trend,supertrend_trend,False,False,False,False,0.0,0.0,False,False,
SUI/USDT:USDT,2026-04-19T13:00:00+00:00,trending,24.7915,supertrend_trend,supertrend_trend,False,False,False,False,0.0,0.0,False,False,
SUI/USDT:USDT,2026-04-19T13:30:00+00:00,trending,24.7915,supertrend_trend,supertrend_trend,False,False,False,False,0.0,0.0,False,False,
SUI/USDT:USDT,2026-04-19T14:00:00+00:00,trending,24.7915,supertrend_trend,supertrend_trend,False,False,False,False,0.0,0.0,False,False,
SUI/USDT:USDT,2026-04-19T14:30:00+00:00,trending,24.7915,supertrend_trend,supertrend_trend,False,False,False,False,0.0,0.0,False,False,
SUI/USDT:USDT,2026-04-19T15:00:00+00:00,trending,24.7915,supertrend_trend,supertrend_trend,False,False,False,False,0.0,0.0,False,False,
SUI/USDT:USDT,2026-04-19T15:30:00+00:00,trending,24.7915,supertrend_trend,supertrend_trend,False,False,False,False,0.0,0.0,False,False,
SUI/USDT:USDT,2026-04-19T16:00:00+00:00,trending,23.2906,supertrend_trend,supertrend_trend,False,False,False,False,0.0,0.0,False,False,
SUI/USDT:USDT,2026-04-19T16:30:00+00:00,trending,23.2906,supertrend_trend,supertrend_trend,False,False,False,False,0.0,0.0,False,False,
SUI/USDT:USDT,2026-04-19T17:00:00+00:00,trending,23.2906,supertrend_trend,supertrend_trend,False,False,False,False,0.0,0.0,False,False,
SUI/USDT:USDT,2026-04-19T17:30:00+00:00,trending,23.2906,supertrend_trend,supertrend_trend,False,False,False,False,0.0,0.0,False,False,
SUI/USDT:USDT,2026-04-19T18:00:00+00:00,trending,23.2906,supertrend_trend,supertrend_trend,False,True,False,True,64.81,64.81,True,True,
SUI/USDT:USDT,2026-04-19T18:30:00+00:00,trending,23.2906,supertrend_trend,supertrend_trend,False,True,False,True,64.81,64.81,True,True,
SUI/USDT:USDT,2026-04-19T19:00:00+00:00,trending,23.2906,supertrend_trend,supertrend_trend,False,True,False,True,58.33,58.33,True,True,
SUI/USDT:USDT,2026-04-19T19:30:00+00:00,trending,23.2906,supertrend_trend,supertrend_trend,False,True,False,True,58.33,58.33,True,True,
SUI/USDT:USDT,2026-04-19T20:00:00+00:00,trending,22.0426,supertrend_trend,supertrend_trend,False,True,False,False,50.94,50.94,True,True,
SUI/USDT:USDT,2026-04-19T20:30:00+00:00,trending,22.0426,supertrend_trend,supertrend_trend,False,True,False,False,50.94,50.94,True,True,
SUI/USDT:USDT,2026-04-19T21:00:00+00:00,trending,22.0426,supertrend_trend,supertrend_trend,False,True,False,False,44.58,44.58,False,False,
SUI/USDT:USDT,2026-04-19T21:30:00+00:00,trending,22.0426,supertrend_trend,supertrend_trend,False,True,False,False,44.58,44.58,False,False,
SUI/USDT:USDT,2026-04-19T22:00:00+00:00,trending,22.0426,supertrend_trend,supertrend_trend,False,True,False,False,38.21,38.21,False,False,
SUI/USDT:USDT,2026-04-19T22:30:00+00:00,trending,22.0426,supertrend_trend,supertrend_trend,False,True,False,False,38.21,38.21,False,False,
SUI/USDT:USDT,2026-04-19T23:00:00+00:00,trending,22.0426,supertrend_trend,supertrend_trend,False,True,False,False,38.21,38.21,False,False,
SUI/USDT:USDT,2026-04-19T23:30:00+00:00,trending,22.0426,supertrend_trend,supertrend_trend,False,True,False,False,38.21,38.21,False,False,
SUI/USDT:USDT,2026-04-20T00:00:00+00:00,trending,21.7169,supertrend_trend,supertrend_trend,False,True,False,False,38.03,38.03,False,False,
SUI/USDT:USDT,2026-04-20T00:30:00+00:00,trending,21.7169,supertrend_trend,supertrend_trend,False,True,False,False,38.03,38.03,False,False,
SUI/USDT:USDT,2026-04-20T01:00:00+00:00,trending,21.7169,supertrend_trend,supertrend_trend,False,True,False,False,38.03,38.03,False,False,
SUI/USDT:USDT,2026-04-20T01:30:00+00:00,trending,21.7169,supertrend_trend,supertrend_trend,False,True,False,False,38.03,38.03,False,False,
SUI/USDT:USDT,2026-04-20T02:00:00+00:00,trending,21.7169,supertrend_trend,supertrend_trend,False,False,False,False,0.0,0.0,False,False,
SUI/USDT:USDT,2026-04-20T02:30:00+00:00,trending,21.7169,supertrend_trend,supertrend_trend,False,False,False,False,0.0,0.0,False,False,
SUI/USDT:USDT,2026-04-20T03:00:00+00:00,trending,21.7169,supertrend_trend,supertrend_trend,False,False,False,False,0.0,0.0,False,False,
SUI/USDT:USDT,2026-04-20T03:30:00+00:00,trending,21.7169,supertrend_trend,supertrend_trend,False,False,False,False,0.0,0.0,False,False,
SUI/USDT:USDT,2026-04-20T04:00:00+00:00,trending,21.4144,supertrend_trend,supertrend_trend,False,False,False,False,0.0,0.0,False,False,
SUI/USDT:USDT,2026-04-20T04:30:00+00:00,trending,21.4144,supertrend_trend,supertrend_trend,False,False,False,False,0.0,0.0,False,False,
SUI/USDT:USDT,2026-04-20T05:00:00+00:00,trending,21.4144,supertrend_trend,supertrend_trend,False,False,False,False,0.0,0.0,False,False,
SUI/USDT:USDT,2026-04-20T05:30:00+00:00,trending,21.4144,supertrend_trend,supertrend_trend,False,False,True,False,57.33,0.0,True,False,15m_fast_disabled
SUI/USDT:USDT,2026-04-20T06:00:00+00:00,trending,21.4144,supertrend_trend,supertrend_trend,False,False,True,False,45.86,0.0,True,False,15m_fast_disabled
SUI/USDT:USDT,2026-04-20T06:30:00+00:00,trending,21.4144,supertrend_trend,supertrend_trend,False,False,False,False,0.0,0.0,False,False,
SUI/USDT:USDT,2026-04-20T07:00:00+00:00,trending,21.4144,supertrend_trend,supertrend_trend,False,False,False,False,0.0,0.0,False,False,
SUI/USDT:USDT,2026-04-20T07:30:00+00:00,trending,21.4144,supertrend_trend,supertrend_trend,False,False,False,False,0.0,0.0,False,False,
SUI/USDT:USDT,2026-04-20T08:00:00+00:00,trending,20.2786,supertrend_trend,supertrend_trend,False,False,False,False,0.0,0.0,False,False,
SUI/USDT:USDT,2026-04-20T08:30:00+00:00,trending,20.2786,supertrend_trend,supertrend_trend,False,False,False,False,0.0,0.0,False,False,
SUI/USDT:USDT,2026-04-20T09:00:00+00:00,trending,20.2786,supertrend_trend,supertrend_trend,False,False,False,False,0.0,0.0,False,False,
SUI/USDT:USDT,2026-04-20T09:30:00+00:00,trending,20.2786,supertrend_trend,supertrend_trend,False,False,False,False,0.0,0.0,False,False,
SUI/USDT:USDT,2026-04-20T10:00:00+00:00,trending,20.2786,supertrend_trend,supertrend_trend,False,False,False,False,0.0,0.0,False,False,
SUI/USDT:USDT,2026-04-20T10:30:00+00:00,trending,20.2786,supertrend_trend,supertrend_trend,False,False,False,False,0.0,0.0,False,False,
SUI/USDT:USDT,2026-04-20T11:00:00+00:00,trending,20.2786,supertrend_trend,supertrend_trend,False,False,False,False,0.0,0.0,False,False,
SUI/USDT:USDT,2026-04-20T11:30:00+00:00,trending,20.2786,supertrend_trend,supertrend_trend,False,False,False,False,0.0,0.0,False,False,
SUI/USDT:USDT,2026-04-20T12:00:00+00:00,trending,19.224,supertrend_trend,supertrend_trend,False,False,False,False,0.0,0.0,False,False,
SUI/USDT:USDT,2026-04-20T12:30:00+00:00,trending,19.224,supertrend_trend,supertrend_trend,False,False,False,False,0.0,0.0,False,False,
SUI/USDT:USDT,2026-04-20T13:00:00+00:00,trending,19.224,supertrend_trend,supertrend_trend,False,False,False,False,0.0,0.0,False,False,
SUI/USDT:USDT,2026-04-20T13:30:00+00:00,trending,19.224,supertrend_trend,supertrend_trend,False,False,False,False,0.0,0.0,False,False,
SUI/USDT:USDT,2026-04-20T14:00:00+00:00,trending,19.224,supertrend_trend,supertrend_trend,False,False,False,False,0.0,0.0,False,False,
SUI/USDT:USDT,2026-04-20T14:30:00+00:00,trending,19.224,supertrend_trend,supertrend_trend,False,False,False,False,0.0,0.0,False,False,
SUI/USDT:USDT,2026-04-20T15:00:00+00:00,trending,19.224,supertrend_trend,supertrend_trend,False,False,False,False,0.0,0.0,False,False,
SUI/USDT:USDT,2026-04-20T15:30:00+00:00,trending,19.224,supertrend_trend,supertrend_trend,False,False,False,False,0.0,0.0,False,False,
SUI/USDT:USDT,2026-04-20T16:00:00+00:00,trending,18.4234,supertrend_trend,supertrend_trend,False,False,False,False,0.0,0.0,False,False,
SUI/USDT:USDT,2026-04-20T16:30:00+00:00,trending,18.4234,supertrend_trend,supertrend_trend,False,False,False,False,0.0,0.0,False,False,
SUI/USDT:USDT,2026-04-20T17:00:00+00:00,trending,18.4234,supertrend_trend,supertrend_trend,False,False,False,False,0.0,0.0,False,False,
SUI/USDT:USDT,2026-04-20T17:30:00+00:00,trending,18.4234,supertrend_trend,supertrend_trend,False,False,False,False,0.0,0.0,False,False,
SUI/USDT:USDT,2026-04-20T18:00:00+00:00,trending,18.4234,supertrend_trend,supertrend_trend,False,False,False,False,0.0,0.0,False,False,
SUI/USDT:USDT,2026-04-20T18:30:00+00:00,trending,18.4234,supertrend_trend,supertrend_trend,False,False,False,False,0.0,0.0,False,False,
SUI/USDT:USDT,2026-04-20T19:00:00+00:00,trending,18.4234,supertrend_trend,supertrend_trend,False,False,False,False,0.0,0.0,False,False,
SUI/USDT:USDT,2026-04-20T19:30:00+00:00,trending,18.4234,supertrend_trend,supertrend_trend,False,False,False,False,0.0,0.0,False,False,
SUI/USDT:USDT,2026-04-20T20:00:00+00:00,trending,17.3888,none,none,False,False,False,False,0.0,0.0,False,False,market_adx_weak_trend_lt_18
SUI/USDT:USDT,2026-04-20T20:30:00+00:00,trending,17.3888,none,none,False,False,False,False,0.0,0.0,False,False,market_adx_weak_trend_lt_18
SUI/USDT:USDT,2026-04-20T21:00:00+00:00,trending,17.3888,none,none,False,False,False,False,0.0,0.0,False,False,market_adx_weak_trend_lt_18
SUI/USDT:USDT,2026-04-20T21:30:00+00:00,trending,17.3888,none,none,False,False,False,False,0.0,0.0,False,False,market_adx_weak_trend_lt_18
SUI/USDT:USDT,2026-04-20T22:00:00+00:00,trending,17.3888,none,none,False,False,False,False,0.0,0.0,False,False,market_adx_weak_trend_lt_18
SUI/USDT:USDT,2026-04-20T22:30:00+00:00,trending,17.3888,none,none,False,False,False,False,0.0,0.0,False,False,market_adx_weak_trend_lt_18
SUI/USDT:USDT,2026-04-20T23:00:00+00:00,trending,17.3888,none,none,False,False,False,False,0.0,0.0,False,False,market_adx_weak_trend_lt_18
SUI/USDT:USDT,2026-04-20T23:30:00+00:00,trending,17.3888,none,none,False,False,False,False,0.0,0.0,False,False,market_adx_weak_trend_lt_18
SUI/USDT:USDT,2026-04-21T00:00:00+00:00,trending,16.2935,none,none,False,False,False,False,0.0,0.0,False,False,market_adx_weak_trend_lt_18
SUI/USDT:USDT,2026-04-21T00:30:00+00:00,trending,16.2935,none,none,False,False,False,False,0.0,0.0,False,False,market_adx_weak_trend_lt_18
SUI/USDT:USDT,2026-04-21T01:00:00+00:00,trending,16.2935,none,none,False,False,False,False,0.0,0.0,False,False,market_adx_weak_trend_lt_18
SUI/USDT:USDT,2026-04-21T01:30:00+00:00,trending,16.2935,none,none,False,False,False,False,0.0,0.0,False,False,market_adx_weak_trend_lt_18
SUI/USDT:USDT,2026-04-21T02:00:00+00:00,trending,16.2935,none,none,False,False,False,False,0.0,0.0,False,False,market_adx_weak_trend_lt_18
SUI/USDT:USDT,2026-04-21T02:30:00+00:00,trending,16.2935,none,none,False,False,False,False,0.0,0.0,False,False,market_adx_weak_trend_lt_18
SUI/USDT:USDT,2026-04-21T03:00:00+00:00,trending,16.2935,none,none,False,False,False,False,0.0,0.0,False,False,market_adx_weak_trend_lt_18
SUI/USDT:USDT,2026-04-21T03:30:00+00:00,trending,16.2935,none,none,False,False,False,False,0.0,0.0,False,False,market_adx_weak_trend_lt_18
SUI/USDT:USDT,2026-04-21T04:00:00+00:00,trending,15.5395,none,none,False,False,False,False,0.0,0.0,False,False,market_adx_weak_trend_lt_18
SUI/USDT:USDT,2026-04-21T04:30:00+00:00,trending,15.5395,none,none,False,False,False,False,0.0,0.0,False,False,market_adx_weak_trend_lt_18
SUI/USDT:USDT,2026-04-21T05:00:00+00:00,trending,15.5395,none,none,False,False,False,False,0.0,0.0,False,False,market_adx_weak_trend_lt_18
SUI/USDT:USDT,2026-04-21T05:30:00+00:00,trending,15.5395,none,none,False,False,False,False,0.0,0.0,False,False,market_adx_weak_trend_lt_18
SUI/USDT:USDT,2026-04-21T06:00:00+00:00,trending,15.5395,none,none,False,False,False,False,0.0,0.0,False,False,market_adx_weak_trend_lt_18
SUI/USDT:USDT,2026-04-21T06:30:00+00:00,trending,15.5395,none,none,False,False,False,False,0.0,0.0,False,False,market_adx_weak_trend_lt_18
SUI/USDT:USDT,2026-04-21T07:00:00+00:00,trending,15.5395,none,none,False,False,False,False,0.0,0.0,False,False,market_adx_weak_trend_lt_18
SUI/USDT:USDT,2026-04-21T07:30:00+00:00,trending,15.5395,none,none,False,False,False,False,0.0,0.0,False,False,market_adx_weak_trend_lt_18
SUI/USDT:USDT,2026-04-21T08:00:00+00:00,ranging,14.8088,adaptive_trend,none,False,False,False,False,0.0,0.0,False,False,adaptive_trend_route_disabled
SUI/USDT:USDT,2026-04-21T08:30:00+00:00,ranging,14.8088,adaptive_trend,none,False,False,False,False,0.0,0.0,False,False,adaptive_trend_route_disabled
SUI/USDT:USDT,2026-04-21T09:00:00+00:00,ranging,14.8088,adaptive_trend,none,False,False,False,False,0.0,0.0,False,False,adaptive_trend_route_disabled
SUI/USDT:USDT,2026-04-21T09:30:00+00:00,ranging,14.8088,adaptive_trend,none,False,False,False,False,0.0,0.0,False,False,adaptive_trend_route_disabled
SUI/USDT:USDT,2026-04-21T10:00:00+00:00,ranging,14.8088,adaptive_trend,none,False,False,False,False,0.0,0.0,False,False,adaptive_trend_route_disabled
SUI/USDT:USDT,2026-04-21T10:30:00+00:00,ranging,14.8088,adaptive_trend,none,False,False,False,False,0.0,0.0,False,False,adaptive_trend_route_disabled
SUI/USDT:USDT,2026-04-21T11:00:00+00:00,ranging,14.8088,adaptive_trend,none,False,False,False,False,0.0,0.0,False,False,adaptive_trend_route_disabled
SUI/USDT:USDT,2026-04-21T11:30:00+00:00,ranging,14.8088,adaptive_trend,none,False,False,False,False,0.0,0.0,False,False,adaptive_trend_route_disabled
SUI/USDT:USDT,2026-04-21T12:00:00+00:00,ranging,14.1546,adaptive_trend,none,False,False,False,False,0.0,0.0,False,False,adaptive_trend_route_disabled
SUI/USDT:USDT,2026-04-21T12:30:00+00:00,ranging,14.1546,adaptive_trend,none,False,False,False,False,0.0,0.0,False,False,adaptive_trend_route_disabled
SUI/USDT:USDT,2026-04-21T13:00:00+00:00,ranging,14.1546,adaptive_trend,none,False,False,False,False,0.0,0.0,False,False,adaptive_trend_route_disabled
SUI/USDT:USDT,2026-04-21T13:30:00+00:00,ranging,14.1546,adaptive_trend,none,False,False,False,False,0.0,0.0,False,False,adaptive_trend_route_disabled
SUI/USDT:USDT,2026-04-21T14:00:00+00:00,ranging,14.1546,adaptive_trend,none,False,False,False,False,0.0,0.0,False,False,adaptive_trend_route_disabled
SUI/USDT:USDT,2026-04-21T14:30:00+00:00,ranging,14.1546,adaptive_trend,none,False,False,False,False,0.0,0.0,False,False,adaptive_trend_route_disabled
SUI/USDT:USDT,2026-04-21T15:00:00+00:00,ranging,14.1546,adaptive_trend,none,False,False,False,False,0.0,0.0,False,False,adaptive_trend_route_disabled
SUI/USDT:USDT,2026-04-21T15:30:00+00:00,ranging,14.1546,adaptive_trend,none,False,False,False,False,0.0,0.0,False,False,adaptive_trend_route_disabled
SUI/USDT:USDT,2026-04-21T16:00:00+00:00,ranging,13.2555,adaptive_trend,none,False,False,False,False,0.0,0.0,False,False,adaptive_trend_route_disabled
SUI/USDT:USDT,2026-04-21T16:30:00+00:00,ranging,13.2555,adaptive_trend,none,False,False,False,False,0.0,0.0,False,False,adaptive_trend_route_disabled
SUI/USDT:USDT,2026-04-21T17:00:00+00:00,ranging,13.2555,adaptive_trend,none,False,False,False,False,0.0,0.0,False,False,adaptive_trend_route_disabled
SUI/USDT:USDT,2026-04-21T17:30:00+00:00,ranging,13.2555,adaptive_trend,none,False,False,False,False,0.0,0.0,False,False,adaptive_trend_route_disabled
SUI/USDT:USDT,2026-04-21T18:00:00+00:00,ranging,13.2555,adaptive_trend,none,False,False,False,False,0.0,0.0,False,False,adaptive_trend_route_disabled
SUI/USDT:USDT,2026-04-21T18:30:00+00:00,ranging,13.2555,adaptive_trend,none,False,False,False,False,0.0,0.0,False,False,adaptive_trend_route_disabled
SUI/USDT:USDT,2026-04-21T19:00:00+00:00,ranging,13.2555,adaptive_trend,none,False,False,False,False,0.0,0.0,False,False,adaptive_trend_route_disabled
SUI/USDT:USDT,2026-04-21T19:30:00+00:00,ranging,13.2555,adaptive_trend,none,False,False,False,False,0.0,0.0,False,False,adaptive_trend_route_disabled
SUI/USDT:USDT,2026-04-21T20:00:00+00:00,ranging,13.3504,adaptive_trend,none,False,False,False,False,0.0,0.0,False,False,adaptive_trend_route_disabled
SUI/USDT:USDT,2026-04-21T20:30:00+00:00,ranging,13.3504,adaptive_trend,none,False,False,False,False,0.0,0.0,False,False,adaptive_trend_route_disabled
SUI/USDT:USDT,2026-04-21T21:00:00+00:00,ranging,13.3504,adaptive_trend,none,False,False,False,False,0.0,0.0,False,False,adaptive_trend_route_disabled
SUI/USDT:USDT,2026-04-21T21:30:00+00:00,ranging,13.3504,adaptive_trend,none,False,False,False,False,0.0,0.0,False,False,adaptive_trend_route_disabled
SUI/USDT:USDT,2026-04-21T22:00:00+00:00,ranging,13.3504,adaptive_trend,none,False,False,False,False,0.0,0.0,False,False,adaptive_trend_route_disabled
SUI/USDT:USDT,2026-04-21T22:30:00+00:00,ranging,13.3504,adaptive_trend,none,False,False,False,False,0.0,0.0,False,False,adaptive_trend_route_disabled
SUI/USDT:USDT,2026-04-21T23:00:00+00:00,ranging,13.3504,adaptive_trend,none,False,False,False,False,0.0,0.0,False,False,adaptive_trend_route_disabled
SUI/USDT:USDT,2026-04-21T23:30:00+00:00,ranging,13.3504,adaptive_trend,none,False,False,False,False,0.0,0.0,False,False,adaptive_trend_route_disabled
SUI/USDT:USDT,2026-04-22T00:00:00+00:00,ranging,13.3275,adaptive_trend,none,False,False,False,False,0.0,0.0,False,False,adaptive_trend_route_disabled
SUI/USDT:USDT,2026-04-22T00:30:00+00:00,ranging,13.3275,adaptive_trend,none,False,False,False,False,0.0,0.0,False,False,adaptive_trend_route_disabled
SUI/USDT:USDT,2026-04-22T01:00:00+00:00,ranging,13.3275,adaptive_trend,none,False,False,False,False,0.0,0.0,False,False,adaptive_trend_route_disabled
SUI/USDT:USDT,2026-04-22T01:30:00+00:00,ranging,13.3275,adaptive_trend,none,False,False,False,False,0.0,0.0,False,False,adaptive_trend_route_disabled
SUI/USDT:USDT,2026-04-22T02:00:00+00:00,ranging,13.3275,adaptive_trend,none,False,False,False,False,0.0,0.0,False,False,adaptive_trend_route_disabled
SUI/USDT:USDT,2026-04-22T02:30:00+00:00,ranging,13.3275,adaptive_trend,none,False,False,False,False,0.0,0.0,False,False,adaptive_trend_route_disabled
SUI/USDT:USDT,2026-04-22T03:00:00+00:00,ranging,13.3275,adaptive_trend,none,False,False,False,False,0.0,0.0,False,False,adaptive_trend_route_disabled
SUI/USDT:USDT,2026-04-22T03:30:00+00:00,ranging,13.3275,adaptive_trend,none,False,False,False,False,0.0,0.0,False,False,adaptive_trend_route_disabled
SUI/USDT:USDT,2026-04-22T04:00:00+00:00,ranging,12.5374,adaptive_trend,none,False,False,False,False,0.0,0.0,False,False,adaptive_trend_route_disabled
SUI/USDT:USDT,2026-04-22T04:30:00+00:00,ranging,12.5374,adaptive_trend,none,False,False,False,False,0.0,0.0,False,False,adaptive_trend_route_disabled
SUI/USDT:USDT,2026-04-22T05:00:00+00:00,ranging,12.5374,adaptive_trend,none,False,False,False,False,0.0,0.0,False,False,adaptive_trend_route_disabled
SUI/USDT:USDT,2026-04-22T05:30:00+00:00,ranging,12.5374,adaptive_trend,none,False,False,False,False,0.0,0.0,False,False,adaptive_trend_route_disabled
SUI/USDT:USDT,2026-04-22T06:00:00+00:00,ranging,12.5374,adaptive_trend,none,False,False,False,False,0.0,0.0,False,False,adaptive_trend_route_disabled
SUI/USDT:USDT,2026-04-22T06:30:00+00:00,ranging,12.5374,adaptive_trend,none,False,False,False,False,0.0,0.0,False,False,adaptive_trend_route_disabled
SUI/USDT:USDT,2026-04-22T07:00:00+00:00,ranging,12.5374,adaptive_trend,none,False,False,False,False,0.0,0.0,False,False,adaptive_trend_route_disabled
SUI/USDT:USDT,2026-04-22T07:30:00+00:00,ranging,12.5374,adaptive_trend,none,False,False,False,False,0.0,0.0,False,False,adaptive_trend_route_disabled
SUI/USDT:USDT,2026-04-22T08:00:00+00:00,ranging,12.4942,adaptive_trend,none,False,False,False,False,0.0,0.0,False,False,adaptive_trend_route_disabled
SUI/USDT:USDT,2026-04-22T08:30:00+00:00,ranging,12.4942,adaptive_trend,none,False,False,False,False,0.0,0.0,False,False,adaptive_trend_route_disabled
SUI/USDT:USDT,2026-04-22T09:00:00+00:00,ranging,12.4942,adaptive_trend,none,False,False,False,False,0.0,0.0,False,False,adaptive_trend_route_disabled
SUI/USDT:USDT,2026-04-22T09:30:00+00:00,ranging,12.4942,adaptive_trend,none,False,False,False,False,0.0,0.0,False,False,adaptive_trend_route_disabled
SUI/USDT:USDT,2026-04-22T10:00:00+00:00,ranging,12.4942,adaptive_trend,none,False,False,False,False,0.0,0.0,False,False,adaptive_trend_route_disabled
SUI/USDT:USDT,2026-04-22T10:30:00+00:00,ranging,12.4942,adaptive_trend,none,False,False,False,False,0.0,0.0,False,False,adaptive_trend_route_disabled
SUI/USDT:USDT,2026-04-22T11:00:00+00:00,ranging,12.4942,adaptive_trend,none,False,False,False,False,0.0,0.0,False,False,adaptive_trend_route_disabled
SUI/USDT:USDT,2026-04-22T11:30:00+00:00,ranging,12.4942,adaptive_trend,none,False,False,False,False,0.0,0.0,False,False,adaptive_trend_route_disabled
SUI/USDT:USDT,2026-04-22T12:00:00+00:00,ranging,12.4542,adaptive_trend,none,False,False,False,False,0.0,0.0,False,False,adaptive_trend_route_disabled
SUI/USDT:USDT,2026-04-22T12:30:00+00:00,ranging,12.4542,adaptive_trend,none,False,False,False,False,0.0,0.0,False,False,adaptive_trend_route_disabled
SUI/USDT:USDT,2026-04-22T13:00:00+00:00,ranging,12.4542,adaptive_trend,none,False,False,False,False,0.0,0.0,False,False,adaptive_trend_route_disabled
SUI/USDT:USDT,2026-04-22T13:30:00+00:00,ranging,12.4542,adaptive_trend,none,False,False,False,False,0.0,0.0,False,False,adaptive_trend_route_disabled
SUI/USDT:USDT,2026-04-22T14:00:00+00:00,ranging,12.4542,adaptive_trend,none,False,False,False,False,0.0,0.0,False,False,adaptive_trend_route_disabled
SUI/USDT:USDT,2026-04-22T14:30:00+00:00,ranging,12.4542,adaptive_trend,none,False,False,False,False,0.0,0.0,False,False,adaptive_trend_route_disabled
SUI/USDT:USDT,2026-04-22T15:00:00+00:00,ranging,12.4542,adaptive_trend,none,False,False,False,False,0.0,0.0,False,False,adaptive_trend_route_disabled
SUI/USDT:USDT,2026-04-22T15:30:00+00:00,ranging,12.4542,adaptive_trend,none,False,False,False,False,0.0,0.0,False,False,adaptive_trend_route_disabled
SUI/USDT:USDT,2026-04-22T16:00:00+00:00,ranging,12.3129,adaptive_trend,none,False,False,False,False,0.0,0.0,False,False,adaptive_trend_route_disabled
SUI/USDT:USDT,2026-04-22T16:30:00+00:00,ranging,12.3129,adaptive_trend,none,False,False,False,False,0.0,0.0,False,False,adaptive_trend_route_disabled
SUI/USDT:USDT,2026-04-22T17:00:00+00:00,ranging,12.3129,adaptive_trend,none,False,False,False,False,0.0,0.0,False,False,adaptive_trend_route_disabled
SUI/USDT:USDT,2026-04-22T17:30:00+00:00,ranging,12.3129,adaptive_trend,none,False,False,False,False,0.0,0.0,False,False,adaptive_trend_route_disabled
SUI/USDT:USDT,2026-04-22T18:00:00+00:00,ranging,12.3129,adaptive_trend,none,False,False,False,False,0.0,0.0,False,False,adaptive_trend_route_disabled
SUI/USDT:USDT,2026-04-22T18:30:00+00:00,ranging,12.3129,adaptive_trend,none,False,False,False,False,0.0,0.0,False,False,adaptive_trend_route_disabled
SUI/USDT:USDT,2026-04-22T19:00:00+00:00,ranging,12.3129,adaptive_trend,none,False,False,False,False,0.0,0.0,False,False,adaptive_trend_route_disabled
SUI/USDT:USDT,2026-04-22T19:30:00+00:00,ranging,12.3129,adaptive_trend,none,False,False,False,False,0.0,0.0,False,False,adaptive_trend_route_disabled
SUI/USDT:USDT,2026-04-22T20:00:00+00:00,ranging,11.5698,adaptive_trend,none,False,False,False,False,0.0,0.0,False,False,adaptive_trend_route_disabled
SUI/USDT:USDT,2026-04-22T20:30:00+00:00,ranging,11.5698,adaptive_trend,none,False,False,False,False,0.0,0.0,False,False,adaptive_trend_route_disabled
SUI/USDT:USDT,2026-04-22T21:00:00+00:00,ranging,11.5698,adaptive_trend,none,False,False,False,False,0.0,0.0,False,False,adaptive_trend_route_disabled
SUI/USDT:USDT,2026-04-22T21:30:00+00:00,ranging,11.5698,adaptive_trend,none,False,False,False,False,0.0,0.0,False,False,adaptive_trend_route_disabled
SUI/USDT:USDT,2026-04-22T22:00:00+00:00,ranging,11.5698,adaptive_trend,none,False,False,False,False,0.0,0.0,False,False,adaptive_trend_route_disabled
SUI/USDT:USDT,2026-04-22T22:30:00+00:00,ranging,11.5698,adaptive_trend,none,False,False,False,False,0.0,0.0,False,False,adaptive_trend_route_disabled
SUI/USDT:USDT,2026-04-22T23:00:00+00:00,ranging,11.5698,adaptive_trend,none,False,False,False,False,0.0,0.0,False,False,adaptive_trend_route_disabled
SUI/USDT:USDT,2026-04-22T23:30:00+00:00,ranging,11.5698,adaptive_trend,none,False,False,False,False,0.0,0.0,False,False,adaptive_trend_route_disabled
SUI/USDT:USDT,2026-04-23T00:00:00+00:00,ranging,11.463,adaptive_trend,none,False,False,False,False,0.0,0.0,False,False,adaptive_trend_route_disabled
SUI/USDT:USDT,2026-04-23T00:30:00+00:00,ranging,11.463,adaptive_trend,none,False,False,False,False,0.0,0.0,False,False,adaptive_trend_route_disabled
SUI/USDT:USDT,2026-04-23T01:00:00+00:00,ranging,11.463,adaptive_trend,none,False,False,False,False,0.0,0.0,False,False,adaptive_trend_route_disabled
SUI/USDT:USDT,2026-04-23T01:30:00+00:00,ranging,11.463,adaptive_trend,none,False,False,False,False,0.0,0.0,False,False,adaptive_trend_route_disabled
SUI/USDT:USDT,2026-04-23T02:00:00+00:00,ranging,11.463,adaptive_trend,none,False,False,False,False,0.0,0.0,False,False,adaptive_trend_route_disabled
SUI/USDT:USDT,2026-04-23T02:30:00+00:00,ranging,11.463,adaptive_trend,none,False,False,False,False,0.0,0.0,False,False,adaptive_trend_route_disabled
SUI/USDT:USDT,2026-04-23T03:00:00+00:00,ranging,11.463,adaptive_trend,none,False,False,False,False,0.0,0.0,False,False,adaptive_trend_route_disabled
SUI/USDT:USDT,2026-04-23T03:30:00+00:00,ranging,11.463,adaptive_trend,none,False,False,False,False,0.0,0.0,False,False,adaptive_trend_route_disabled
SUI/USDT:USDT,2026-04-23T04:00:00+00:00,ranging,12.2544,adaptive_trend,none,False,False,False,False,0.0,0.0,False,False,adaptive_trend_route_disabled
SUI/USDT:USDT,2026-04-23T04:30:00+00:00,ranging,12.2544,adaptive_trend,none,False,False,False,False,0.0,0.0,False,False,adaptive_trend_route_disabled
SUI/USDT:USDT,2026-04-23T05:00:00+00:00,ranging,12.2544,adaptive_trend,none,False,False,False,False,0.0,0.0,False,False,adaptive_trend_route_disabled
SUI/USDT:USDT,2026-04-23T05:30:00+00:00,ranging,12.2544,adaptive_trend,none,False,False,False,False,0.0,0.0,False,False,adaptive_trend_route_disabled
SUI/USDT:USDT,2026-04-23T06:00:00+00:00,ranging,12.2544,adaptive_trend,none,False,False,False,False,0.0,0.0,False,False,adaptive_trend_route_disabled
SUI/USDT:USDT,2026-04-23T06:30:00+00:00,ranging,12.2544,adaptive_trend,none,False,False,False,False,0.0,0.0,False,False,adaptive_trend_route_disabled
SUI/USDT:USDT,2026-04-23T07:00:00+00:00,ranging,12.2544,adaptive_trend,none,False,False,False,False,0.0,0.0,False,False,adaptive_trend_route_disabled
SUI/USDT:USDT,2026-04-23T07:30:00+00:00,ranging,12.2544,adaptive_trend,none,False,False,False,False,0.0,0.0,False,False,adaptive_trend_route_disabled
SUI/USDT:USDT,2026-04-23T08:00:00+00:00,ranging,12.9893,adaptive_trend,none,False,False,False,False,0.0,0.0,False,False,adaptive_trend_route_disabled
SUI/USDT:USDT,2026-04-23T08:30:00+00:00,ranging,12.9893,adaptive_trend,none,False,False,False,False,0.0,0.0,False,False,adaptive_trend_route_disabled
SUI/USDT:USDT,2026-04-23T09:00:00+00:00,ranging,12.9893,adaptive_trend,none,False,False,False,False,0.0,0.0,False,False,adaptive_trend_route_disabled
SUI/USDT:USDT,2026-04-23T09:30:00+00:00,ranging,12.9893,adaptive_trend,none,False,False,False,False,0.0,0.0,False,False,adaptive_trend_route_disabled
SUI/USDT:USDT,2026-04-23T10:00:00+00:00,ranging,12.9893,adaptive_trend,none,False,False,False,False,0.0,0.0,False,False,adaptive_trend_route_disabled
SUI/USDT:USDT,2026-04-23T10:30:00+00:00,ranging,12.9893,adaptive_trend,none,False,False,False,False,0.0,0.0,False,False,adaptive_trend_route_disabled
SUI/USDT:USDT,2026-04-23T11:00:00+00:00,ranging,12.9893,adaptive_trend,none,False,False,False,False,0.0,0.0,False,False,adaptive_trend_route_disabled
SUI/USDT:USDT,2026-04-23T11:30:00+00:00,ranging,12.9893,adaptive_trend,none,False,False,False,False,0.0,0.0,False,False,adaptive_trend_route_disabled
SUI/USDT:USDT,2026-04-23T12:00:00+00:00,ranging,13.7163,adaptive_trend,none,False,False,False,False,0.0,0.0,False,False,adaptive_trend_route_disabled
SUI/USDT:USDT,2026-04-23T12:30:00+00:00,ranging,13.7163,adaptive_trend,none,False,False,False,False,0.0,0.0,False,False,adaptive_trend_route_disabled
SUI/USDT:USDT,2026-04-23T13:00:00+00:00,ranging,13.7163,adaptive_trend,none,False,False,False,False,0.0,0.0,False,False,adaptive_trend_route_disabled
SUI/USDT:USDT,2026-04-23T13:30:00+00:00,ranging,13.7163,adaptive_trend,none,False,False,False,False,0.0,0.0,False,False,adaptive_trend_route_disabled
SUI/USDT:USDT,2026-04-23T14:00:00+00:00,ranging,13.7163,adaptive_trend,none,False,False,False,False,0.0,0.0,False,False,adaptive_trend_route_disabled
SUI/USDT:USDT,2026-04-23T14:30:00+00:00,ranging,13.7163,adaptive_trend,none,False,False,False,False,0.0,0.0,False,False,adaptive_trend_route_disabled
SUI/USDT:USDT,2026-04-23T15:00:00+00:00,ranging,13.7163,adaptive_trend,none,False,False,False,False,0.0,0.0,False,False,adaptive_trend_route_disabled
SUI/USDT:USDT,2026-04-23T15:30:00+00:00,ranging,13.7163,adaptive_trend,none,False,False,False,False,0.0,0.0,False,False,adaptive_trend_route_disabled
SUI/USDT:USDT,2026-04-23T16:00:00+00:00,ranging,13.3987,adaptive_trend,none,False,False,False,False,0.0,0.0,False,False,adaptive_trend_route_disabled
SUI/USDT:USDT,2026-04-23T16:30:00+00:00,ranging,13.3987,adaptive_trend,none,False,False,False,False,0.0,0.0,False,False,adaptive_trend_route_disabled
SUI/USDT:USDT,2026-04-23T17:00:00+00:00,ranging,13.3987,adaptive_trend,none,False,False,False,False,0.0,0.0,False,False,adaptive_trend_route_disabled
SUI/USDT:USDT,2026-04-23T17:30:00+00:00,ranging,13.3987,adaptive_trend,none,False,False,False,False,0.0,0.0,False,False,adaptive_trend_route_disabled
SUI/USDT:USDT,2026-04-23T18:00:00+00:00,ranging,13.3987,adaptive_trend,none,False,False,False,False,0.0,0.0,False,False,adaptive_trend_route_disabled
SUI/USDT:USDT,2026-04-23T18:30:00+00:00,ranging,13.3987,adaptive_trend,none,False,False,False,False,0.0,0.0,False,False,adaptive_trend_route_disabled
SUI/USDT:USDT,2026-04-23T19:00:00+00:00,ranging,13.3987,adaptive_trend,none,False,False,False,False,0.0,0.0,False,False,adaptive_trend_route_disabled
SUI/USDT:USDT,2026-04-23T19:30:00+00:00,ranging,13.3987,adaptive_trend,none,False,False,False,False,0.0,0.0,False,False,adaptive_trend_route_disabled
SUI/USDT:USDT,2026-04-23T20:00:00+00:00,ranging,13.8643,adaptive_trend,none,False,False,False,False,0.0,0.0,False,False,adaptive_trend_route_disabled
SUI/USDT:USDT,2026-04-23T20:30:00+00:00,ranging,13.8643,adaptive_trend,none,False,False,False,False,0.0,0.0,False,False,adaptive_trend_route_disabled
SUI/USDT:USDT,2026-04-23T21:00:00+00:00,ranging,13.8643,adaptive_trend,none,False,False,False,False,0.0,0.0,False,False,adaptive_trend_route_disabled
SUI/USDT:USDT,2026-04-23T21:30:00+00:00,ranging,13.8643,adaptive_trend,none,False,False,False,False,0.0,0.0,False,False,adaptive_trend_route_disabled
SUI/USDT:USDT,2026-04-23T22:00:00+00:00,ranging,13.8643,adaptive_trend,none,False,False,False,False,0.0,0.0,False,False,adaptive_trend_route_disabled
SUI/USDT:USDT,2026-04-23T22:30:00+00:00,ranging,13.8643,adaptive_trend,none,False,False,False,False,0.0,0.0,False,False,adaptive_trend_route_disabled
SUI/USDT:USDT,2026-04-23T23:00:00+00:00,ranging,13.8643,adaptive_trend,none,False,False,False,False,0.0,0.0,False,False,adaptive_trend_route_disabled
SUI/USDT:USDT,2026-04-23T23:30:00+00:00,ranging,13.8643,adaptive_trend,none,False,False,False,False,0.0,0.0,False,False,adaptive_trend_route_disabled
SUI/USDT:USDT,2026-04-24T00:00:00+00:00,ranging,14.2966,adaptive_trend,none,False,False,False,False,0.0,0.0,False,False,adaptive_trend_route_disabled
SUI/USDT:USDT,2026-04-24T00:30:00+00:00,ranging,14.2966,adaptive_trend,none,False,False,False,False,0.0,0.0,False,False,adaptive_trend_route_disabled
SUI/USDT:USDT,2026-04-24T01:00:00+00:00,ranging,14.2966,adaptive_trend,none,False,False,False,False,0.0,0.0,False,False,adaptive_trend_route_disabled
SUI/USDT:USDT,2026-04-24T01:30:00+00:00,ranging,14.2966,adaptive_trend,none,False,False,False,False,0.0,0.0,False,False,adaptive_trend_route_disabled
SUI/USDT:USDT,2026-04-24T02:00:00+00:00,ranging,14.2966,adaptive_trend,none,False,False,False,False,0.0,0.0,False,False,adaptive_trend_route_disabled
SUI/USDT:USDT,2026-04-24T02:30:00+00:00,ranging,14.2966,adaptive_trend,none,False,False,False,False,0.0,0.0,False,False,adaptive_trend_route_disabled
SUI/USDT:USDT,2026-04-24T03:00:00+00:00,ranging,14.2966,adaptive_trend,none,False,False,False,False,0.0,0.0,False,False,adaptive_trend_route_disabled
SUI/USDT:USDT,2026-04-24T03:30:00+00:00,ranging,14.2966,adaptive_trend,none,False,False,False,False,0.0,0.0,False,False,adaptive_trend_route_disabled
SUI/USDT:USDT,2026-04-24T04:00:00+00:00,ranging,14.1683,adaptive_trend,none,False,False,False,False,0.0,0.0,False,False,adaptive_trend_route_disabled
SUI/USDT:USDT,2026-04-24T04:30:00+00:00,ranging,14.1683,adaptive_trend,none,False,False,False,False,0.0,0.0,False,False,adaptive_trend_route_disabled
SUI/USDT:USDT,2026-04-24T05:00:00+00:00,ranging,14.1683,adaptive_trend,none,False,False,False,False,0.0,0.0,False,False,adaptive_trend_route_disabled
SUI/USDT:USDT,2026-04-24T05:30:00+00:00,ranging,14.1683,adaptive_trend,none,False,False,False,False,0.0,0.0,False,False,adaptive_trend_route_disabled
SUI/USDT:USDT,2026-04-24T06:00:00+00:00,ranging,14.1683,adaptive_trend,none,False,False,False,False,0.0,0.0,False,False,adaptive_trend_route_disabled
SUI/USDT:USDT,2026-04-24T06:30:00+00:00,ranging,14.1683,adaptive_trend,none,False,False,False,False,0.0,0.0,False,False,adaptive_trend_route_disabled
SUI/USDT:USDT,2026-04-24T07:00:00+00:00,ranging,14.1683,adaptive_trend,none,False,False,False,False,0.0,0.0,False,False,adaptive_trend_route_disabled
SUI/USDT:USDT,2026-04-24T07:30:00+00:00,ranging,14.1683,adaptive_trend,none,False,False,False,False,0.0,0.0,False,False,adaptive_trend_route_disabled
