window,scope,key,n,one_r_rate,two_r_rate,unresolved_rate,avg_mfe_24h_R,avg_mae_24h_R,expectancy_taker_R,expectancy_maker_R,median_time_to_1r_min,median_time_to_sl_min,n_symbols,top_symbol_share,top_day_share,verdict
14d,path,adaptive_trend_route,40,0.0,0.0,0.9,0.25600803646294207,0.6457492351384633,-0.12617014281273511,-0.11831909996891452,,570.0,8,0.175,0.25,DO_NOT_ENABLE
14d,path,15m_fast,59,0.06779661016949153,0.0,0.847457627118644,0.4962307636540801,0.4444102447164598,-0.10393389580103267,-0.09817745587428219,832.5,795.0,8,0.2033898305084746,0.3050847457627119,DO_NOT_ENABLE
14d,path,1h_continuation,18,0.05555555555555555,0.0,0.8888888888888888,0.4958737451068498,0.38956629013266186,-0.07365979577326474,-0.06822852370795202,1335.0,690.0,8,0.2222222222222222,0.3333333333333333,DO_NOT_ENABLE
14d,path,4h_flip,16,0.0625,0.0,0.9375,0.5450385838200255,0.3094243002339784,-0.01887569699244544,-0.013212987894711807,195.0,,8,0.25,0.25,DO_NOT_ENABLE
14d,path,aligned_trend,21,0.047619047619047616,0.0,0.9523809523809523,0.669502229180232,0.33034045345585344,-0.017896410658615875,-0.01252748746103111,1335.0,,7,0.23809523809523808,0.42857142857142855,DO_NOT_ENABLE
14d,symbol_path,ADA/USDT:USDT|adaptive_trend_route,7,0.0,0.0,1.0,0.2556328549430121,0.6850342108215617,-0.023038406306988533,-0.016126884414891973,,,1,1.0,0.2857142857142857,DO_NOT_ENABLE
14d,symbol_path,ADA/USDT:USDT|15m_fast,1,0.0,0.0,1.0,0.9489614721642289,0.17549287498927751,-0.016463831568438298,-0.011524682097906809,,,1,1.0,1.0,DO_NOT_ENABLE
14d,symbol_path,ADA/USDT:USDT|1h_continuation,2,0.0,0.0,1.0,0.3765463076828793,0.48133408835212765,-0.016338702999443816,-0.011437092099610672,,,1,1.0,0.5,DO_NOT_ENABLE
14d,symbol_path,ADA/USDT:USDT|4h_flip,1,0.0,0.0,1.0,0.2817488715957679,0.14400497881561697,-0.01556505988415739,-0.010895541918910174,,,1,1.0,1.0,DO_NOT_ENABLE
14d,symbol_path,AVAX/USDT:USDT|1h_continuation,4,0.0,0.0,0.75,0.36181219225667965,0.6486438929928898,-0.26590385870804456,-0.2611327010956313,,690.0,1,1.0,0.25,DO_NOT_ENABLE
14d,symbol_path,AVAX/USDT:USDT|4h_flip,2,0.0,0.0,1.0,0.570940011432939,0.19148352551620332,-0.01577712734060061,-0.011043989138420425,,,1,1.0,0.5,DO_NOT_ENABLE
14d,symbol_path,AVAX/USDT:USDT|15m_fast,7,0.0,0.0,1.0,0.46977092059932335,0.4132173749266708,-0.016017728983242694,-0.011212410288269884,,,1,1.0,0.5714285714285714,DO_NOT_ENABLE
14d,symbol_path,AVAX/USDT:USDT|aligned_trend,5,0.0,0.0,1.0,0.5772132772917571,0.45313755956043833,-0.016066385050307615,-0.011246469535215327,,,1,1.0,0.8,DO_NOT_ENABLE
14d,symbol_path,AVAX/USDT:USDT|adaptive_trend_route,7,0.0,0.0,0.8571428571428571,0.15123641299402274,0.6528847905160744,-0.16652423796722784,-0.15942410943420238,,570.0,1,1.0,0.2857142857142857,DO_NOT_ENABLE
14d,symbol_path,DOGE/USDT:USDT|4h_flip,2,0.0,0.0,1.0,0.6794771881543191,0.24355827825478277,-0.01898215921568285,-0.013287511450977993,,,1,1.0,0.5,DO_NOT_ENABLE
14d,symbol_path,DOGE/USDT:USDT|15m_fast,12,0.0,0.0,0.9166666666666666,0.47239198445424324,0.3857395090875107,-0.10472995129815793,-0.09831096590871054,,315.0,1,1.0,0.25,DO_NOT_ENABLE
14d,symbol_path,DOGE/USDT:USDT|1h_continuation,3,0.0,0.0,1.0,0.6997979783407885,0.17486990493919832,-0.018466709929150334,-0.012926696950405233,,,1,1.0,0.3333333333333333,DO_NOT_ENABLE
14d,symbol_path,DOGE/USDT:USDT|aligned_trend,4,0.0,0.0,1.0,0.6522872553572661,0.3156056595744248,-0.01769131007841172,-0.012383917054888205,,,1,1.0,0.5,DO_NOT_ENABLE
14d,symbol_path,DOGE/USDT:USDT|adaptive_trend_route,2,0.0,0.0,0.5,0.23723945924874357,0.915428355888344,-0.5248210141093775,-0.5173747098765642,,570.0,1,1.0,0.5,DO_NOT_ENABLE
14d,symbol_path,ETH/USDT:USDT|15m_fast,8,0.125,0.0,0.75,0.41724603076432343,0.5388308447701701,-0.1457542912438909,-0.13952800387072367,420.0,870.0,1,1.0,0.25,DO_NOT_ENABLE
14d,symbol_path,ETH/USDT:USDT|4h_flip,2,0.5,0.0,0.5,1.1458759196743307,0.11970842377691242,-0.022327156075196558,-0.015629009252637587,195.0,,1,1.0,0.5,DO_NOT_ENABLE
14d,symbol_path,ETH/USDT:USDT|1h_continuation,2,0.0,0.0,1.0,0.5331445753585621,0.4759481787643796,-0.018901938834713083,-0.013231357184299158,,,1,1.0,0.5,DO_NOT_ENABLE
14d,symbol_path,ETH/USDT:USDT|aligned_trend,1,0.0,0.0,1.0,0.8453798201675868,0.3551605179826077,-0.018903340419882717,-0.013232338293917902,,,1,1.0,1.0,DO_NOT_ENABLE
14d,symbol_path,ETH/USDT:USDT|adaptive_trend_route,4,0.0,0.0,1.0,0.353622959992046,0.6844565498037027,-0.027706226871004158,-0.01939435880970291,,,1,1.0,0.5,DO_NOT_ENABLE
14d,symbol_path,LINK/USDT:USDT|15m_fast,7,0.0,0.0,1.0,0.49099791520651265,0.39685495516902336,-0.018130331257070375,-0.012691231879949263,,,1,1.0,0.42857142857142855,DO_NOT_ENABLE
14d,symbol_path,LINK/USDT:USDT|1h_continuation,2,0.0,0.0,1.0,0.35009941742627154,0.28446316375309,-0.018290560820312753,-0.012803392574218928,,,1,1.0,0.5,DO_NOT_ENABLE
14d,symbol_path,LINK/USDT:USDT|aligned_trend,2,0.0,0.0,1.0,0.659220407856708,0.329876992682063,-0.01865873375440541,-0.013061113628083786,,,1,1.0,0.5,DO_NOT_ENABLE
14d,symbol_path,LINK/USDT:USDT|4h_flip,1,0.0,0.0,1.0,0.3327540899660046,0.17281151633593583,-0.017053187505661177,-0.011937231253962824,,,1,1.0,1.0,DO_NOT_ENABLE
14d,symbol_path,LINK/USDT:USDT|adaptive_trend_route,6,0.0,0.0,1.0,0.4088706894679018,0.36186548892929776,-0.028037798953771526,-0.01962645926764007,,,1,1.0,0.3333333333333333,DO_NOT_ENABLE
14d,symbol_path,SOL/USDT:USDT|15m_fast,6,0.0,0.0,0.6666666666666666,0.236179043128541,0.7304813097910486,-0.35245040380574316,-0.34671528266402024,,772.5,1,1.0,0.3333333333333333,DO_NOT_ENABLE
14d,symbol_path,SOL/USDT:USDT|4h_flip,4,0.0,0.0,1.0,0.46991766415671854,0.4960978327660441,-0.01950079314923155,-0.013650555204462084,,,1,1.0,0.25,DO_NOT_ENABLE
14d,symbol_path,SOL/USDT:USDT|aligned_trend,2,0.0,0.0,1.0,0.39028079209769606,0.4146197224460634,-0.017525967229429396,-0.012268177060600575,,,1,1.0,1.0,DO_NOT_ENABLE
14d,symbol_path,SOL/USDT:USDT|1h_continuation,1,0.0,0.0,1.0,0.48331489101280056,0.29271183540211554,-0.019264523120650977,-0.013485166184455685,,,1,1.0,1.0,DO_NOT_ENABLE
14d,symbol_path,SOL/USDT:USDT|adaptive_trend_route,5,0.0,0.0,0.8,0.29594984054041407,0.6290999086164074,-0.22775260232113648,-0.21942682162479543,,555.0,1,1.0,0.2,DO_NOT_ENABLE
14d,symbol_path,SUI/USDT:USDT|15m_fast,10,0.0,0.0,0.9,0.4757925790466844,0.485460053156847,-0.11616987230737663,-0.11131891061516361,,885.0,1,1.0,0.4,DO_NOT_ENABLE
14d,symbol_path,SUI/USDT:USDT|4h_flip,2,0.0,0.0,1.0,0.4210215330558887,0.1781760897827266,-0.015096735655556387,-0.01056771495888947,,,1,1.0,0.5,DO_NOT_ENABLE
14d,symbol_path,SUI/USDT:USDT|1h_continuation,2,0.0,0.0,1.0,0.5389712061825498,0.20802134607086809,-0.016089672130855454,-0.011262770491598816,,,1,1.0,0.5,DO_NOT_ENABLE
14d,symbol_path,SUI/USDT:USDT|aligned_trend,4,0.0,0.0,1.0,0.7317611211973678,0.1980231014355316,-0.016699993162364573,-0.011689995213655201,,,1,1.0,0.5,DO_NOT_ENABLE
14d,symbol_path,SUI/USDT:USDT|adaptive_trend_route,5,0.0,0.0,1.0,0.161265263949634,0.7207101115663562,-0.022903793776915128,-0.01603265564384059,,,1,1.0,0.2,DO_NOT_ENABLE
14d,symbol_path,XRP/USDT:USDT|adaptive_trend_route,4,0.0,0.0,0.75,0.19099154130877927,0.7439026126734941,-0.2844728731685576,-0.27413101121799033,,900.0,1,1.0,0.25,DO_NOT_ENABLE
14d,symbol_path,XRP/USDT:USDT|15m_fast,8,0.375,0.0,0.625,0.802699952997756,0.27464949938571753,-0.022175588446631325,-0.015522911912641928,1245.0,,1,1.0,0.25,DO_NOT_ENABLE
14d,symbol_path,XRP/USDT:USDT|1h_continuation,2,0.5,0.0,0.5,0.6491234017804428,0.3503812731578564,-0.024177243303917576,-0.016924070312742304,1335.0,,1,1.0,0.5,DO_NOT_ENABLE
14d,symbol_path,XRP/USDT:USDT|aligned_trend,3,0.3333333333333333,0.0,0.6666666666666666,0.8976349000103855,0.2575975774973483,-0.0222182477429126,-0.01555277342003882,1335.0,,1,1.0,0.6666666666666666,DO_NOT_ENABLE
14d,symbol_path,XRP/USDT:USDT|4h_flip,2,0.0,0.0,1.0,0.29590720914840324,0.5918641714333376,-0.023511687659154734,-0.016458181361408315,,,1,1.0,0.5,DO_NOT_ENABLE
14d,flag,ALLOW_ADAPTIVE_TREND_ROUTE,40,0.0,0.0,0.9,0.25600803646294207,0.6457492351384633,-0.12617014281273511,-0.11831909996891452,,570.0,8,0.175,0.25,DO_NOT_ENABLE
14d,flag,ALLOW_15M_FAST,59,0.06779661016949153,0.0,0.847457627118644,0.4962307636540801,0.4444102447164598,-0.10393389580103267,-0.09817745587428219,832.5,795.0,8,0.2033898305084746,0.3050847457627119,DO_NOT_ENABLE
14d,flag,(allowed),34,0.058823529411764705,0.0,0.9117647058823529,0.519010139795403,0.3518524125332814,-0.04787904340582036,-0.04233885979583897,765.0,690.0,8,0.17647058823529413,0.29411764705882354,DO_NOT_ENABLE
14d,flag,ALLOW_ALIGNED_TREND,21,0.047619047619047616,0.0,0.9523809523809523,0.669502229180232,0.33034045345585344,-0.017896410658615875,-0.01252748746103111,1335.0,,7,0.23809523809523808,0.42857142857142855,DO_NOT_ENABLE
28d,path,4h_flip,59,0.03389830508474576,0.0,0.8813559322033898,0.35367042064358145,0.5053164225163161,-0.10269767551991447,-0.09731210167749947,127.5,885.0,8,0.13559322033898305,0.11864406779661017,DO_NOT_ENABLE
28d,path,1h_continuation,51,0.09803921568627451,0.0,0.803921568627451,0.4956640987511016,0.5064727749857266,-0.11620872761556408,-0.1107578740367772,990.0,1080.0,8,0.19607843137254902,0.17647058823529413,DO_NOT_ENABLE
28d,path,15m_fast,102,0.0392156862745098,0.0,0.7745098039215687,0.39699809747452336,0.5682960668384601,-0.20508403077367662,-0.19944117448275014,832.5,795.0,8,0.19607843137254902,0.17647058823529413,DO_NOT_ENABLE
28d,path,adaptive_trend_route,64,0.0,0.0,0.859375,0.2791554244135819,0.6698277306369713,-0.16603580509129268,-0.15841256356390496,,780.0,8,0.1875,0.15625,DO_NOT_ENABLE
28d,path,aligned_trend,29,0.06896551724137931,0.0,0.9310344827586207,0.6292775298419949,0.4058153125157566,-0.01819785521599936,-0.01273849865119955,1162.5,,7,0.20689655172413793,0.3103448275862069,DO_NOT_ENABLE
28d,symbol_path,ADA/USDT:USDT|4h_flip,8,0.0,0.0,0.75,0.21958830754101402,0.728911906094938,-0.2655434882035161,-0.2608804417424614,,1095.0,1,1.0,0.125,DO_NOT_ENABLE
28d,symbol_path,ADA/USDT:USDT|1h_continuation,6,0.0,0.0,0.8333333333333334,0.43133299631236327,0.611702367438604,-0.18493980999597645,-0.1794578669971835,,1080.0,1,1.0,0.16666666666666666,DO_NOT_ENABLE
28d,symbol_path,ADA/USDT:USDT|15m_fast,3,0.0,0.0,0.6666666666666666,0.32672899523820736,0.8313530138159417,-0.3512249020301355,-0.34585743142109493,,750.0,1,1.0,0.3333333333333333,DO_NOT_ENABLE
28d,symbol_path,ADA/USDT:USDT|adaptive_trend_route,12,0.0,0.0,0.9166666666666666,0.28869602904433905,0.6752503512965128,-0.10510320040601355,-0.09857224028420948,,480.0,1,1.0,0.16666666666666666,DO_NOT_ENABLE
28d,symbol_path,AVAX/USDT:USDT|4h_flip,7,0.14285714285714285,0.0,0.7142857142857143,0.5771347489488391,0.40833593477980784,-0.1590971563672134,-0.1542251523141922,60.0,1395.0,1,1.0,0.14285714285714285,DO_NOT_ENABLE
28d,symbol_path,AVAX/USDT:USDT|1h_continuation,10,0.0,0.0,0.8,0.4116807754767679,0.6909330100822236,-0.2165911148309272,-0.211613780381649,,900.0,1,1.0,0.2,DO_NOT_ENABLE
28d,symbol_path,AVAX/USDT:USDT|15m_fast,12,0.0,0.0,0.8333333333333334,0.3948011037136476,0.5253688888181377,-0.18210809444181905,-0.17747566610927332,,945.0,1,1.0,0.3333333333333333,DO_NOT_ENABLE
28d,symbol_path,AVAX/USDT:USDT|adaptive_trend_route,8,0.0,0.0,0.875,0.16279576472666313,0.6472736137603404,-0.14855339544952434,-0.14148737681466705,,570.0,1,1.0,0.25,DO_NOT_ENABLE
28d,symbol_path,AVAX/USDT:USDT|aligned_trend,6,0.0,0.0,1.0,0.5324387672349634,0.5361833833446277,-0.0162790135542755,-0.011395309487992849,,,1,1.0,0.6666666666666666,DO_NOT_ENABLE
28d,symbol_path,DOGE/USDT:USDT|adaptive_trend_route,9,0.0,0.0,0.6666666666666666,0.246885830717689,0.8373509141463656,-0.3578936446645654,-0.35052555126519575,,975.0,1,1.0,0.1111111111111111,DO_NOT_ENABLE
28d,symbol_path,DOGE/USDT:USDT|15m_fast,14,0.0,0.0,0.9285714285714286,0.42827045020959575,0.4403405771204581,-0.09272621215227594,-0.08633691993516458,,315.0,1,1.0,0.21428571428571427,DO_NOT_ENABLE
28d,symbol_path,DOGE/USDT:USDT|4h_flip,5,0.0,0.0,1.0,0.3139894812131306,0.46053531280867466,-0.019732126380707055,-0.013812488466494934,,,1,1.0,0.2,DO_NOT_ENABLE
28d,symbol_path,DOGE/USDT:USDT|1h_continuation,5,0.0,0.0,1.0,0.48670341784304394,0.3956278575997102,-0.01925939453023499,-0.013481576171164494,,,1,1.0,0.2,DO_NOT_ENABLE
28d,symbol_path,DOGE/USDT:USDT|aligned_trend,5,0.0,0.0,1.0,0.5668839285166318,0.4274842312508277,-0.018607241060369963,-0.013025068742258972,,,1,1.0,0.4,DO_NOT_ENABLE
28d,symbol_path,ETH/USDT:USDT|4h_flip,7,0.14285714285714285,0.0,0.7142857142857143,0.5324736535510711,0.44169574849999144,-0.1618337199830213,-0.15614074684525775,195.0,645.0,1,1.0,0.14285714285714285,DO_NOT_ENABLE
28d,symbol_path,ETH/USDT:USDT|15m_fast,20,0.05,0.0,0.75,0.40228912974817044,0.5774348029617916,-0.21947010456243604,-0.2136290731937053,420.0,847.5,1,1.0,0.15,DO_NOT_ENABLE
28d,symbol_path,ETH/USDT:USDT|1h_continuation,5,0.0,0.0,1.0,0.5062301096019566,0.42812224277652594,-0.01811636893515623,-0.012681458254609363,,,1,1.0,0.4,DO_NOT_ENABLE
28d,symbol_path,ETH/USDT:USDT|adaptive_trend_route,8,0.0,0.0,0.875,0.37705644489383183,0.6347924166259304,-0.1515826273213275,-0.14360783912492928,,1170.0,1,1.0,0.25,DO_NOT_ENABLE
28d,symbol_path,ETH/USDT:USDT|aligned_trend,3,0.0,0.0,1.0,0.8063953783608794,0.4711091733050002,-0.020249811851131002,-0.014174868295791699,,,1,1.0,0.6666666666666666,DO_NOT_ENABLE
28d,symbol_path,LINK/USDT:USDT|4h_flip,8,0.0,0.0,0.875,0.2612901067520667,0.5363631106000395,-0.14198646509033924,-0.13689052556323747,,885.0,1,1.0,0.125,DO_NOT_ENABLE
28d,symbol_path,LINK/USDT:USDT|1h_continuation,6,0.0,0.0,1.0,0.37508765823175144,0.4844974842979366,-0.01807304675781149,-0.012651132730468043,,,1,1.0,0.3333333333333333,DO_NOT_ENABLE
28d,symbol_path,LINK/USDT:USDT|15m_fast,11,0.0,0.0,0.9090909090909091,0.41596323658470974,0.5076989080166049,-0.10872675825639057,-0.10338145805220066,,720.0,1,1.0,0.2727272727272727,DO_NOT_ENABLE
28d,symbol_path,LINK/USDT:USDT|adaptive_trend_route,9,0.0,0.0,0.8888888888888888,0.4229266248539163,0.4962131590009473,-0.13867041275747927,-0.1304026222635688,,1230.0,1,1.0,0.2222222222222222,DO_NOT_ENABLE
28d,symbol_path,LINK/USDT:USDT|aligned_trend,2,0.0,0.0,1.0,0.659220407856708,0.329876992682063,-0.01865873375440541,-0.013061113628083786,,,1,1.0,0.5,DO_NOT_ENABLE
28d,symbol_path,SOL/USDT:USDT|4h_flip,8,0.0,0.0,1.0,0.3478287239400338,0.49261955742860286,-0.018981451226628244,-0.013287015858639771,,,1,1.0,0.125,DO_NOT_ENABLE
28d,symbol_path,SOL/USDT:USDT|1h_continuation,7,0.2857142857142857,0.0,0.42857142857142855,0.5544738765480842,0.5546534640915836,-0.3044768849341279,-0.2988481051681752,1192.5,1177.5,1,1.0,0.2857142857142857,DO_NOT_ENABLE
28d,symbol_path,SOL/USDT:USDT|aligned_trend,5,0.2,0.0,0.8,0.5079234310192527,0.3715102683974236,-0.01761121941394124,-0.01232785358975887,990.0,,1,1.0,0.4,DO_NOT_ENABLE
28d,symbol_path,SOL/USDT:USDT|15m_fast,11,0.0,0.0,0.7272727272727273,0.2698715690680784,0.6647431324279913,-0.29256717654984316,-0.28661520540307195,,750.0,1,1.0,0.18181818181818182,DO_NOT_ENABLE
28d,symbol_path,SOL/USDT:USDT|adaptive_trend_route,6,0.0,0.0,0.6666666666666666,0.3203078247587861,0.884369279738591,-0.36035496342394263,-0.35224847439675977,,667.5,1,1.0,0.16666666666666666,DO_NOT_ENABLE
28d,symbol_path,SUI/USDT:USDT|4h_flip,8,0.0,0.0,1.0,0.3063804800414038,0.37382140433900496,-0.01511132758824526,-0.010577929311771681,,,1,1.0,0.125,DO_NOT_ENABLE
28d,symbol_path,SUI/USDT:USDT|1h_continuation,8,0.25,0.0,0.75,0.6996690944944876,0.36541698900722464,-0.015891227646284437,-0.011123859352399105,457.5,,1,1.0,0.25,DO_NOT_ENABLE
28d,symbol_path,SUI/USDT:USDT|15m_fast,20,0.0,0.0,0.75,0.3155413256963221,0.6730261629434431,-0.26610492055799256,-0.26127344439059474,,1035.0,1,1.0,0.2,DO_NOT_ENABLE
28d,symbol_path,SUI/USDT:USDT|adaptive_trend_route,6,0.0,0.0,1.0,0.17126208009918878,0.6403341255685481,-0.022648558003732073,-0.015853990602612455,,,1,1.0,0.16666666666666666,DO_NOT_ENABLE
28d,symbol_path,SUI/USDT:USDT|aligned_trend,5,0.0,0.0,1.0,0.6499694627002877,0.34213940537534954,-0.016849954255166166,-0.011794967978616316,,,1,1.0,0.4,DO_NOT_ENABLE
28d,symbol_path,XRP/USDT:USDT|4h_flip,8,0.0,0.0,1.0,0.30608095602626706,0.5633803442200004,-0.022625529056243283,-0.015837870339370296,,,1,1.0,0.125,DO_NOT_ENABLE
28d,symbol_path,XRP/USDT:USDT|15m_fast,11,0.2727272727272727,0.0,0.5454545454545454,0.6254024943743755,0.4633512061432535,-0.20506350401034304,-0.19808990735269472,1245.0,967.5,1,1.0,0.18181818181818182,DO_NOT_ENABLE
28d,symbol_path,XRP/USDT:USDT|adaptive_trend_route,6,0.0,0.0,1.0,0.18417426794681924,0.559857535324865,-0.03281121557321771,-0.02296785090125239,,,1,1.0,0.16666666666666666,DO_NOT_ENABLE
28d,symbol_path,XRP/USDT:USDT|1h_continuation,4,0.25,0.0,0.75,0.47004995631408086,0.3547304126126296,-0.02432749663141061,-0.017029247641987426,1335.0,,1,1.0,0.25,DO_NOT_ENABLE
28d,symbol_path,XRP/USDT:USDT|aligned_trend,3,0.3333333333333333,0.0,0.6666666666666666,0.8976349000103855,0.2575975774973483,-0.0222182477429126,-0.01555277342003882,1335.0,,1,1.0,0.6666666666666666,DO_NOT_ENABLE
28d,flag,(allowed),110,0.06363636363636363,0.0,0.8454545454545455,0.41950385322070444,0.5058525495703156,-0.10896189058244293,-0.10354605068043733,750.0,1050.0,8,0.15454545454545454,0.10909090909090909,DO_NOT_ENABLE
28d,flag,ALLOW_15M_FAST,102,0.0392156862745098,0.0,0.7745098039215687,0.39699809747452336,0.5682960668384601,-0.20508403077367662,-0.19944117448275014,832.5,795.0,8,0.19607843137254902,0.17647058823529413,DO_NOT_ENABLE
28d,flag,ALLOW_ADAPTIVE_TREND_ROUTE,64,0.0,0.0,0.859375,0.2791554244135819,0.6698277306369713,-0.16603580509129268,-0.15841256356390496,,780.0,8,0.1875,0.15625,DO_NOT_ENABLE
28d,flag,ALLOW_ALIGNED_TREND,29,0.06896551724137931,0.0,0.9310344827586207,0.6292775298419949,0.4058153125157566,-0.01819785521599936,-0.01273849865119955,1162.5,,7,0.20689655172413793,0.3103448275862069,DO_NOT_ENABLE
60d,path,1h_continuation,108,0.10185185185185185,0.009259259259259259,0.7962962962962963,0.4792314847163671,0.4446263259516166,-0.10043157463459454,-0.09530210224421615,930.0,1080.0,8,0.17592592592592593,0.08333333333333333,DO_NOT_ENABLE
60d,path,aligned_trend,95,0.17894736842105263,0.021052631578947368,0.7368421052631579,0.6269987421893305,0.41278954754830144,-0.059539113418886395,-0.054308958340588936,945.0,600.0,8,0.16842105263157894,0.17894736842105263,DO_NOT_ENABLE
60d,path,4h_flip,111,0.07207207207207207,0.0,0.8828828828828829,0.4516628494607081,0.36683135060900934,-0.061143975226502625,-0.05631429617206535,787.5,885.0,8,0.15315315315315314,0.07207207207207207,DO_NOT_ENABLE
60d,path,adaptive_trend_route,109,0.045871559633027525,0.0,0.7981651376146789,0.3906982304346794,0.6069420622729123,-0.1778683516213271,-0.17129683696061698,795.0,900.0,8,0.1559633027522936,0.09174311926605505,DO_NOT_ENABLE
60d,path,15m_fast,259,0.05791505791505792,0.007722007722007722,0.7837837837837838,0.44672927507253685,0.4875352755890404,-0.16017391961069657,-0.1549788865846304,870.0,795.0,8,0.16216216216216217,0.07722007722007722,DO_NOT_ENABLE
60d,path,breakout_trader_route,1,1.0,0.0,0.0,1.1981486113178164,3.376242754304876,-1.05754234538171,-1.0402796417671971,30.0,600.0,1,1.0,1.0,DO_NOT_ENABLE
60d,symbol_path,ADA/USDT:USDT|1h_continuation,14,0.07142857142857142,0.0,0.8571428571428571,0.4678928784141872,0.42118256240583635,-0.08774735199268624,-0.08285171782345178,795.0,1080.0,1,1.0,0.07142857142857142,DO_NOT_ENABLE
60d,symbol_path,ADA/USDT:USDT|aligned_trend,2,0.0,0.0,1.0,0.404287812577026,0.5604124943862862,-0.01514727101443047,-0.010603089710101328,,,1,1.0,0.5,DO_NOT_ENABLE
60d,symbol_path,ADA/USDT:USDT|4h_flip,16,0.0625,0.0,0.8125,0.4350728608666406,0.4882270198793765,-0.13971398523847206,-0.13529978966693051,315.0,1095.0,1,1.0,0.0625,DO_NOT_ENABLE
60d,symbol_path,ADA/USDT:USDT|adaptive_trend_route,17,0.0,0.0,0.9411764705882353,0.3517770859628942,0.5645395056752313,-0.0781091084156506,-0.07232343471448482,,480.0,1,1.0,0.11764705882352941,DO_NOT_ENABLE
60d,symbol_path,ADA/USDT:USDT|15m_fast,14,0.0,0.0,0.8571428571428571,0.3719931597966391,0.43971501348457886,-0.15832539799204648,-0.1536849214515754,,630.0,1,1.0,0.21428571428571427,DO_NOT_ENABLE
60d,symbol_path,AVAX/USDT:USDT|1h_continuation,19,0.05263157894736842,0.0,0.7368421052631579,0.39403485092967544,0.638400066282822,-0.22708097767849544,-0.2221145791117889,930.0,660.0,1,1.0,0.10526315789473684,DO_NOT_ENABLE
60d,symbol_path,AVAX/USDT:USDT|aligned_trend,12,0.08333333333333333,0.0,0.75,0.3815437672878102,0.6284763764213189,-0.18255160851978003,-0.17778612596384602,810.0,757.5,1,1.0,0.3333333333333333,DO_NOT_ENABLE
60d,symbol_path,AVAX/USDT:USDT|4h_flip,14,0.21428571428571427,0.0,0.7142857142857143,0.6004544928733135,0.3079269225755564,-0.08700338446554534,-0.08233094055445316,315.0,1395.0,1,1.0,0.07142857142857142,DO_NOT_ENABLE
60d,symbol_path,AVAX/USDT:USDT|15m_fast,36,0.027777777777777776,0.0,0.8611111111111112,0.37677480274621533,0.4181183764756628,-0.12709945977688097,-0.12230295517715005,915.0,945.0,1,1.0,0.1111111111111111,DO_NOT_ENABLE
60d,symbol_path,AVAX/USDT:USDT|adaptive_trend_route,11,0.0,0.0,0.8181818181818182,0.25221644992552233,0.7047532666535004,-0.20449154988909604,-0.19768953946782178,,982.5,1,1.0,0.18181818181818182,DO_NOT_ENABLE
60d,symbol_path,DOGE/USDT:USDT|1h_continuation,12,0.08333333333333333,0.0,0.8333333333333334,0.43835812330910007,0.38111660481446785,-0.10025659454636286,-0.095179616182454,945.0,1395.0,1,1.0,0.16666666666666666,DO_NOT_ENABLE
60d,symbol_path,DOGE/USDT:USDT|4h_flip,12,0.0,0.0,1.0,0.3902234857692582,0.31899718395273724,-0.016264601064702948,-0.011385220745292067,,,1,1.0,0.08333333333333333,DO_NOT_ENABLE
60d,symbol_path,DOGE/USDT:USDT|15m_fast,29,0.06896551724137931,0.0,0.8275862068965517,0.4654858210074261,0.4387986281645298,-0.12140196110639107,-0.11601585553309447,1035.0,480.0,1,1.0,0.13793103448275862,DO_NOT_ENABLE
60d,symbol_path,DOGE/USDT:USDT|adaptive_trend_route,16,0.0625,0.0,0.6875,0.39611007772735424,0.8207140910777759,-0.27112317172891476,-0.26478622021024034,255.0,945.0,1,1.0,0.125,DO_NOT_ENABLE
60d,symbol_path,DOGE/USDT:USDT|aligned_trend,14,0.2857142857142857,0.0,0.6428571428571429,0.6331279071968814,0.3752675475519752,-0.08784689703617198,-0.0829213993538918,1087.5,480.0,1,1.0,0.2857142857142857,DO_NOT_ENABLE
60d,symbol_path,ETH/USDT:USDT|15m_fast,41,0.024390243902439025,0.0,0.8048780487804879,0.40656897957246274,0.5058562547629559,-0.18838621539373046,-0.1830898629707333,420.0,825.0,1,1.0,0.07317073170731707,DO_NOT_ENABLE
60d,symbol_path,ETH/USDT:USDT|4h_flip,12,0.08333333333333333,0.0,0.8333333333333334,0.47374930746299637,0.3699952842830185,-0.09979468034195338,-0.09485627623936736,195.0,645.0,1,1.0,0.08333333333333333,DO_NOT_ENABLE
60d,symbol_path,ETH/USDT:USDT|breakout_trader_route,1,1.0,0.0,0.0,1.1981486113178164,3.376242754304876,-1.05754234538171,-1.0402796417671971,30.0,600.0,1,1.0,1.0,DO_NOT_ENABLE
60d,symbol_path,ETH/USDT:USDT|1h_continuation,10,0.1,0.1,0.8,0.6107173379499027,0.44377833102410336,0.0822406463637304,0.08756845245461127,390.0,1380.0,1,1.0,0.2,WEAK_SAMPLE
60d,symbol_path,ETH/USDT:USDT|adaptive_trend_route,14,0.07142857142857142,0.0,0.7857142857142857,0.49492676443957506,0.522798994552786,-0.1661572921308403,-0.15916724734873103,375.0,1035.0,1,1.0,0.14285714285714285,DO_NOT_ENABLE
60d,symbol_path,ETH/USDT:USDT|aligned_trend,13,0.23076923076923078,0.07692307692307693,0.6153846153846154,0.7891132264695042,0.4902394905553732,-0.019247775795708914,-0.013473443056996244,1290.0,900.0,1,1.0,0.38461538461538464,DO_NOT_ENABLE
60d,symbol_path,LINK/USDT:USDT|4h_flip,17,0.058823529411764705,0.0,0.8823529411764706,0.44503973593492424,0.34954586871184645,-0.07477189887792417,-0.06998738803807632,1290.0,885.0,1,1.0,0.058823529411764705,DO_NOT_ENABLE
60d,symbol_path,LINK/USDT:USDT|15m_fast,42,0.023809523809523808,0.0,0.7857142857142857,0.42762006211270737,0.4637464112341692,-0.20753640505922727,-0.20241834068431622,1290.0,1057.5,1,1.0,0.07142857142857142,DO_NOT_ENABLE
60d,symbol_path,LINK/USDT:USDT|adaptive_trend_route,15,0.06666666666666667,0.0,0.8,0.4448674777569335,0.5049283160669792,-0.15683425302758514,-0.1497839771193096,795.0,1192.5,1,1.0,0.13333333333333333,DO_NOT_ENABLE
60d,symbol_path,LINK/USDT:USDT|1h_continuation,12,0.0,0.0,0.9166666666666666,0.30942204855159205,0.542674627180977,-0.1005323155128024,-0.09537262085896171,,690.0,1,1.0,0.16666666666666666,DO_NOT_ENABLE
60d,symbol_path,LINK/USDT:USDT|aligned_trend,10,0.0,0.0,0.9,0.5151238077020871,0.368938663391701,-0.11855767288384382,-0.11299037101869067,,675.0,1,1.0,0.3,DO_NOT_ENABLE
60d,symbol_path,SOL/USDT:USDT|4h_flip,14,0.0,0.0,1.0,0.4305465943108877,0.34446899352460836,-0.01642678933203069,-0.011498752532421483,,,1,1.0,0.07142857142857142,DO_NOT_ENABLE
60d,symbol_path,SOL/USDT:USDT|15m_fast,32,0.03125,0.0,0.75,0.4044569700675246,0.5704954997697183,-0.23584675667393507,-0.2307177296717545,390.0,795.0,1,1.0,0.09375,DO_NOT_ENABLE
60d,symbol_path,SOL/USDT:USDT|adaptive_trend_route,11,0.09090909090909091,0.0,0.6363636363636364,0.4484130438913598,0.6681695713467263,-0.29461450514006676,-0.28804833541622854,1170.0,780.0,1,1.0,0.18181818181818182,DO_NOT_ENABLE
60d,symbol_path,SOL/USDT:USDT|1h_continuation,14,0.2857142857142857,0.0,0.5,0.6275036312379837,0.45525171743374254,-0.23213412551257748,-0.2267796021445185,1185.0,1335.0,1,1.0,0.14285714285714285,DO_NOT_ENABLE
60d,symbol_path,SOL/USDT:USDT|aligned_trend,16,0.25,0.0,0.6875,0.5964142503338502,0.39790465512691015,-0.0796702469954014,-0.07451917289678098,1170.0,240.0,1,1.0,0.25,DO_NOT_ENABLE
60d,symbol_path,SUI/USDT:USDT|1h_continuation,16,0.125,0.0,0.875,0.5204367611601806,0.32508139122434243,-0.014488174530602273,-0.010141722171421591,457.5,,1,1.0,0.125,DO_NOT_ENABLE
60d,symbol_path,SUI/USDT:USDT|aligned_trend,15,0.13333333333333333,0.0,0.8,0.6028024066786138,0.36099940429572147,-0.08126553451754258,-0.0768858741622798,720.0,1335.0,1,1.0,0.2,DO_NOT_ENABLE
60d,symbol_path,SUI/USDT:USDT|4h_flip,13,0.07692307692307693,0.0,0.9230769230769231,0.402190255683371,0.313435344106893,-0.013681243972861419,-0.009576870781002993,1320.0,,1,1.0,0.07692307692307693,DO_NOT_ENABLE
60d,symbol_path,SUI/USDT:USDT|15m_fast,35,0.05714285714285714,0.0,0.7714285714285715,0.43160637578601274,0.5693475123480894,-0.18691916708066786,-0.1822719883850389,870.0,960.0,1,1.0,0.11428571428571428,DO_NOT_ENABLE
60d,symbol_path,SUI/USDT:USDT|adaptive_trend_route,13,0.0,0.0,0.8461538461538461,0.3209440252309153,0.5892572674508278,-0.17258085488173364,-0.16696044457105963,,667.5,1,1.0,0.15384615384615385,DO_NOT_ENABLE
60d,symbol_path,XRP/USDT:USDT|4h_flip,13,0.07692307692307693,0.0,0.9230769230769231,0.4290440724714574,0.4221735318313569,-0.020141940285260722,-0.014099358199682506,1260.0,,1,1.0,0.07692307692307693,DO_NOT_ENABLE
60d,symbol_path,XRP/USDT:USDT|15m_fast,30,0.23333333333333334,0.06666666666666667,0.6333333333333333,0.6917926444226355,0.46459099256505737,-0.021420709273629344,-0.01499449649154057,870.0,967.5,1,1.0,0.1,DO_NOT_ENABLE
60d,symbol_path,XRP/USDT:USDT|adaptive_trend_route,12,0.08333333333333333,0.0,0.8333333333333334,0.398912648656461,0.48104011453476203,-0.10911592766392446,-0.10138114936474713,840.0,1425.0,1,1.0,0.08333333333333333,DO_NOT_ENABLE
60d,symbol_path,XRP/USDT:USDT|1h_continuation,11,0.09090909090909091,0.0,0.9090909090909091,0.5024784932893819,0.2632165156246385,-0.021350868182616885,-0.014945607727831817,1335.0,,1,1.0,0.09090909090909091,DO_NOT_ENABLE
60d,symbol_path,XRP/USDT:USDT|aligned_trend,13,0.23076923076923078,0.07692307692307693,0.7692307692307693,0.8707396036905425,0.2657503298407185,0.1326199547577411,0.13898781448426492,570.0,,1,1.0,0.23076923076923078,WEAK_SAMPLE
60d,flag,(allowed),219,0.0867579908675799,0.0045662100456621,0.8401826484018264,0.4652583408196633,0.4051959959834458,-0.08051868178391787,-0.07554115944052328,930.0,1050.0,8,0.1506849315068493,0.0547945205479452,DO_NOT_ENABLE
60d,flag,ALLOW_ALIGNED_TREND,95,0.17894736842105263,0.021052631578947368,0.7368421052631579,0.6269987421893305,0.41278954754830144,-0.059539113418886395,-0.054308958340588936,945.0,600.0,8,0.16842105263157894,0.17894736842105263,DO_NOT_ENABLE
60d,flag,ALLOW_ADAPTIVE_TREND_ROUTE,109,0.045871559633027525,0.0,0.7981651376146789,0.3906982304346794,0.6069420622729123,-0.1778683516213271,-0.17129683696061698,795.0,900.0,8,0.1559633027522936,0.09174311926605505,DO_NOT_ENABLE
60d,flag,ALLOW_15M_FAST,259,0.05791505791505792,0.007722007722007722,0.7837837837837838,0.44672927507253685,0.4875352755890404,-0.16017391961069657,-0.1549788865846304,870.0,795.0,8,0.16216216216216217,0.07722007722007722,DO_NOT_ENABLE
60d,flag,ALLOW_BREAKOUT_TRADER_ROUTE,1,1.0,0.0,0.0,1.1981486113178164,3.376242754304876,-1.05754234538171,-1.0402796417671971,30.0,600.0,1,1.0,1.0,DO_NOT_ENABLE
